symbol,first_seen,last_seen,days_with_data,continuous_history,active_days_90,median_turnover_90d,median_volume_90d,median_close_90d,pure_equity_flag,excluded_reason,sector_guess,sector_confidence,sector_source,selected_v2_candidate,notes
AKJCL,2021-09-01,2026-04-17,1595,True,90,356636028.25,971645.50,371.90,True,,HYDROPOWER,high,curated_lookup,True,
SYPNL,2025-12-10,2026-04-17,125,False,90,319612209.25,172305.00,1883.25,True,,UNKNOWN,low,unclassified,False,SECTOR_UNVERIFIED;POST_2021_LISTING
NGPL,2021-09-01,2026-04-17,1595,True,90,296859160.20,664040.00,433.90,True,,HYDROPOWER,high,curated_lookup,True,
RIDI,2022-08-15,2026-04-17,1310,False,90,277497422.70,893492.00,322.90,True,,UNKNOWN,low,unclassified,False,SECTOR_UNVERIFIED;POST_2021_LISTING
RADHI,2021-09-01,2026-04-17,1595,True,90,227364092.30,258526.50,849.00,True,,HYDROPOWER,high,curated_lookup,True,
API,2021-09-01,2026-04-17,1595,True,90,152908907.90,483492.00,312.40,True,,HYDROPOWER,high,curated_lookup,True,
NRN,2021-09-01,2026-04-17,1595,True,90,148243976.50,93933.00,1552.00,True,,INVESTMENT,high,curated_lookup,True,
SHIVM,2021-09-01,2026-04-17,1595,True,90,138697213.35,221096.50,627.30,True,,MANUFACTURING,high,curated_lookup,True,
FOWADP,2022-05-11,2026-01-25,8,False,1,134626300.00,362000.00,660.00,True,,UNKNOWN,low,unclassified,False,SECTOR_UNVERIFIED;LOW_ACTIVITY;POST_2021_LISTING
HDHPC,2021-09-01,2026-04-17,1593,True,90,133158922.85,631121.00,209.40,True,,HYDROPOWER,high,curated_lookup,True,
NHPC,2021-09-01,2026-04-17,1595,True,90,127626905.05,558017.50,226.60,True,,HYDROPOWER,high,curated_lookup,True,
KBLD90,2024-08-11,2026-02-07,129,False,4,127500000.00,85000.00,1500.00,False,debenture_pattern,UNKNOWN,low,unclassified,False,SECTOR_UNVERIFIED
HRL,2024-01-08,2026-04-17,826,False,90,117241825.65,136022.00,849.90,True,,UNKNOWN,low,unclassified,False,SECTOR_UNVERIFIED;POST_2021_LISTING
SAIL,2025-11-24,2026-04-17,141,False,90,116933771.60,88145.00,1342.00,True,,UNKNOWN,low,unclassified,False,SECTOR_UNVERIFIED;POST_2021_LISTING
AKPL,2021-09-01,2026-04-17,1595,True,90,114045343.70,400064.00,271.90,True,,HYDROPOWER,high,curated_lookup,True,
SSHL,2021-09-01,2026-04-17,1595,True,90,109646556.10,513194.00,196.00,True,,HYDROPOWER,high,curated_lookup,True,
MFIL,2021-09-01,2026-04-17,1595,True,90,102912176.50,128043.50,820.00,True,,FINANCE,high,curated_lookup,True,
UNHPL,2021-09-01,2026-04-17,1595,True,90,93072515.90,184560.50,497.00,True,,HYDROPOWER,high,curated_lookup,True,
KBL,2021-09-01,2026-04-17,1512,True,90,92922583.70,448175.50,190.50,True,,COMMERCIAL_BANK,high,curated_lookup,True,
AHPC,2021-09-01,2026-04-17,1595,True,90,91205012.30,316539.00,285.05,True,,HYDROPOWER,high,curated_lookup,True,
BANDIPUR,2025-11-11,2026-04-17,154,False,90,88560742.55,95023.50,943.00,True,,UNKNOWN,low,unclassified,False,SECTOR_UNVERIFIED;POST_2021_LISTING
SHEL,2021-09-01,2026-04-17,1595,True,90,84742493.65,281217.00,305.40,True,,HYDROPOWER,high,curated_lookup,True,
HURJA,2021-09-01,2026-04-17,1595,True,90,83436470.70,295047.00,266.80,True,,HYDROPOWER,high,curated_lookup,True,
SOHL,2026-03-15,2026-04-17,30,False,30,82729393.15,127648.50,660.50,True,,UNKNOWN,low,unclassified,False,SECTOR_UNVERIFIED;POST_2021_LISTING
BHL,2022-05-25,2026-04-17,1390,False,90,81477319.20,372301.50,207.00,True,,UNKNOWN,low,unclassified,False,SECTOR_UNVERIFIED;POST_2021_LISTING
LEC,2021-09-01,2026-04-17,1595,True,90,80406821.70,357770.00,222.00,True,,HYDROPOWER,high,curated_lookup,True,
NLICP,2021-11-14,2026-02-11,18,False,1,80030000.00,200000.00,413.00,True,,UNKNOWN,low,unclassified,False,SECTOR_UNVERIFIED;LOW_ACTIVITY;POST_2021_LISTING
CHDC,2021-09-01,2026-04-17,1595,True,90,77802189.55,33211.00,2461.00,True,,INVESTMENT,high,curated_lookup,False,
HDL,2021-09-01,2026-04-17,1595,True,90,73285745.60,62934.50,1156.50,True,,MANUFACTURING,high,curated_lookup,True,
UPCL,2021-09-01,2026-04-17,1595,True,90,71816238.85,188180.50,382.10,True,,HYDROPOWER,high,curated_lookup,True,
DORDI,2022-07-14,2026-04-17,1354,False,90,71682212.00,245150.50,287.00,True,,UNKNOWN,low,unclassified,False,SECTOR_UNVERIFIED;POST_2021_LISTING
SMHL,2023-03-05,2026-04-17,1117,False,90,70753129.50,142364.50,509.00,True,,UNKNOWN,low,unclassified,False,SECTOR_UNVERIFIED;POST_2021_LISTING
KSBBLP,2022-01-20,2026-03-22,54,False,1,69940000.00,260000.00,269.00,True,,UNKNOWN,low,unclassified,False,SECTOR_UNVERIFIED;LOW_ACTIVITY;POST_2021_LISTING
NABBC,2021-09-01,2026-04-17,1579,True,90,67408885.50,47338.50,1463.00,False,known_mutual_fund,UNKNOWN,low,unclassified,False,SECTOR_UNVERIFIED
MLBLPO,2021-12-27,2026-02-23,47,False,8,65345457.50,338577.50,193.00,False,promoter_share,UNKNOWN,low,unclassified,False,SECTOR_UNVERIFIED
BPCL,2021-09-01,2026-04-17,1595,True,90,65298626.75,87311.50,733.00,True,,HYDROPOWER,high,curated_lookup,True,
NRIC,2021-09-01,2026-04-17,1595,True,90,64967783.10,52036.50,1251.00,True,,NON_LIFE_INSURANCE,high,curated_lookup,True,
SAHAS,2021-11-03,2026-04-17,1594,False,90,62666039.35,109954.50,571.65,True,,UNKNOWN,low,unclassified,False,SECTOR_UNVERIFIED;POST_2021_LISTING
GHL,2021-09-01,2026-04-17,1595,True,90,62155509.90,239333.50,241.50,True,,HYDROPOWER,high,curated_lookup,True,
HIDCLP,2022-08-26,2026-04-17,1311,False,90,61732929.30,324656.00,195.00,True,,UNKNOWN,low,unclassified,False,SECTOR_UNVERIFIED;POST_2021_LISTING
SNMAPO,2022-12-07,2026-04-09,22,False,5,61107120.00,339484.00,180.00,False,promoter_share,UNKNOWN,low,unclassified,False,SECTOR_UNVERIFIED
CBBLPO,2021-11-22,2026-02-24,12,False,1,59771740.00,151612.00,395.00,False,promoter_share,UNKNOWN,low,unclassified,False,SECTOR_UNVERIFIED
SHPC,2021-09-01,2026-04-17,1595,True,90,58510663.30,107314.00,545.50,True,,HYDROPOWER,high,curated_lookup,True,
BARUN,2021-09-01,2026-04-17,1595,True,90,56078096.60,159977.00,361.95,True,,HYDROPOWER,high,curated_lookup,True,
PHCL,2022-12-14,2026-04-17,1201,False,90,54405547.45,180448.50,299.00,True,,UNKNOWN,low,unclassified,False,SECTOR_UNVERIFIED;POST_2021_LISTING
UPPER,2021-09-01,2026-04-17,1595,True,90,53400230.10,266170.00,190.85,True,,HYDROPOWER,high,curated_lookup,True,
TPC,2021-11-03,2026-04-17,1591,False,90,52999625.60,131034.00,391.00,True,,UNKNOWN,low,unclassified,False,SECTOR_UNVERIFIED;POST_2021_LISTING
RFPL,2022-06-16,2026-04-17,1371,False,90,52480941.10,127090.00,401.00,True,,UNKNOWN,low,unclassified,False,SECTOR_UNVERIFIED;POST_2021_LISTING
LBBL,2021-09-01,2026-04-17,1595,True,90,51656045.00,104571.00,486.80,True,,DEV_BANK,high,curated_lookup,True,
UMHL,2021-09-01,2026-04-17,1595,True,90,50774079.55,81165.00,626.95,True,,HYDROPOWER,high,curated_lookup,True,
HPPL,2021-09-01,2026-04-17,1595,True,90,50558691.60,116355.50,472.00,True,,HYDROPOWER,high,curated_lookup,True,
PPL,2022-10-16,2026-04-17,1260,False,90,49688026.30,127611.50,384.70,True,,UNKNOWN,low,unclassified,False,SECTOR_UNVERIFIED;POST_2021_LISTING
KKHC,2021-09-01,2026-04-17,1595,True,90,48999442.70,167300.00,280.45,True,,HYDROPOWER,high,curated_lookup,True,
SAGAR,2025-11-09,2026-04-17,156,False,90,47210126.65,22769.00,1999.00,True,,UNKNOWN,low,unclassified,False,SECTOR_UNVERIFIED;POST_2021_LISTING
TTL,2025-07-17,2026-04-17,271,False,90,46047338.35,50881.50,908.00,True,,UNKNOWN,low,unclassified,False,SECTOR_UNVERIFIED;POST_2021_LISTING
HIDCL,2021-09-01,2026-04-17,1595,True,90,44033851.10,161841.50,266.45,True,,INFRA_INVEST,high,curated_lookup,True,
SANVI,2025-07-20,2026-04-17,268,False,90,42664147.10,51813.00,826.00,True,,UNKNOWN,low,unclassified,False,SECTOR_UNVERIFIED;POST_2021_LISTING
SAPDBL,2021-09-01,2026-04-17,1595,True,90,41682633.90,50841.00,853.70,True,,DEV_BANK,high,curated_lookup,True,
NIFRA,2021-09-01,2026-04-17,1595,True,90,41630721.45,156320.50,266.90,True,,INFRA_INVEST,high,curated_lookup,True,
SPDL,2021-09-01,2026-04-17,1595,True,90,40711889.00,101821.00,409.90,True,,HYDROPOWER,high,curated_lookup,True,
JBLBP,2022-02-15,2026-02-21,46,False,9,40000000.00,80000.00,100.00,True,,UNKNOWN,low,unclassified,False,SECTOR_UNVERIFIED;LOW_ACTIVITY;POST_2021_LISTING
TVCL,2023-12-07,2026-04-17,855,False,90,39768446.00,64285.50,613.05,True,,UNKNOWN,low,unclassified,False,SECTOR_UNVERIFIED;POST_2021_LISTING
GLH,2021-09-01,2026-04-17,1595,True,90,39327345.20,146809.00,271.00,True,,HYDROPOWER,high,curated_lookup,True,
PRVU,2021-09-01,2026-04-17,1595,True,90,38673114.50,208736.00,189.00,True,,COMMERCIAL_BANK,high,curated_lookup,True,
JBBL,2021-09-01,2026-04-17,1595,True,90,37020295.85,102918.50,345.50,True,,DEV_BANK,high,curated_lookup,True,
NICA,2021-09-01,2026-04-17,1595,True,90,36573400.95,107458.00,340.45,True,,COMMERCIAL_BANK,high,curated_lookup,True,
NABIL,2021-09-01,2026-04-17,1595,True,90,35262585.15,71174.00,499.15,True,,COMMERCIAL_BANK,high,curated_lookup,True,
RHGCL,2022-08-31,2026-04-17,1306,False,90,35120572.55,112401.00,289.00,True,,UNKNOWN,low,unclassified,False,SECTOR_UNVERIFIED;POST_2021_LISTING
SBL,2021-09-01,2026-04-17,1595,True,90,34868870.40,90817.00,388.45,True,,COMMERCIAL_BANK,high,curated_lookup,True,
DHEL,2025-11-06,2026-04-17,159,False,90,34712338.10,47798.00,720.50,True,,UNKNOWN,low,unclassified,False,SECTOR_UNVERIFIED;POST_2021_LISTING
GVL,2022-04-19,2026-04-17,1429,False,90,33963650.20,69642.50,500.00,True,,UNKNOWN,low,unclassified,False,SECTOR_UNVERIFIED;POST_2021_LISTING
CREST,2025-04-10,2026-04-17,369,False,90,33551390.65,24980.00,1390.10,True,,UNKNOWN,low,unclassified,False,SECTOR_UNVERIFIED;POST_2021_LISTING
MEN,2021-09-01,2026-04-17,1595,True,90,33424131.35,56127.00,595.00,True,,HYDROPOWER,high,curated_lookup,True,
NIMB,2023-02-23,2026-04-17,1130,False,90,32842809.35,169046.00,195.00,True,,COMMERCIAL_BANK,high,curated_lookup,False,POST_2021_LISTING
BHCL,2025-08-20,2026-04-17,237,False,90,31582899.40,55179.00,588.00,True,,UNKNOWN,low,unclassified,False,SECTOR_UNVERIFIED;POST_2021_LISTING
NLIC,2021-09-01,2026-04-17,1595,True,90,30001483.75,38571.00,780.00,True,,LIFE_INSURANCE,high,curated_lookup,True,
GBIME,2021-09-01,2026-04-17,1388,True,90,26752185.65,116888.00,229.45,True,,COMMERCIAL_BANK,high,curated_lookup,True,
CHL,2021-09-01,2026-04-17,1595,True,90,25398404.20,89403.00,289.90,True,,HYDROPOWER,high,curated_lookup,False,
SANIMA,2021-09-01,2026-04-17,1595,True,90,25367899.65,75863.00,341.00,True,,COMMERCIAL_BANK,high,curated_lookup,True,
HLI,2023-06-22,2026-04-17,1025,False,90,24396155.40,66902.00,367.65,True,,UNKNOWN,low,unclassified,False,SECTOR_UNVERIFIED;POST_2021_LISTING
PURE,2025-05-27,2026-04-17,322,False,90,24328190.90,23665.00,996.00,True,,UNKNOWN,low,unclassified,False,SECTOR_UNVERIFIED;POST_2021_LISTING
HIMSTAR,2025-09-01,2026-04-17,225,False,90,23460335.65,24061.50,970.00,True,,UNKNOWN,low,unclassified,False,SECTOR_UNVERIFIED;POST_2021_LISTING
CGH,2021-09-01,2026-04-17,1595,True,90,23262570.90,27110.00,851.00,True,,HOTEL,high,curated_lookup,True,
FMDBL,2021-09-01,2026-04-17,1595,True,90,23019348.00,28103.00,812.50,True,,DEV_BANK,high,curated_lookup,True,
SARBTM,2024-03-19,2026-04-17,755,False,90,22797048.80,25689.00,878.60,True,,UNKNOWN,low,unclassified,False,SECTOR_UNVERIFIED;POST_2021_LISTING
EBL,2021-09-01,2026-04-17,1595,True,90,22547873.20,32299.50,674.00,True,,COMMERCIAL_BANK,high,curated_lookup,True,
BHPL,2023-01-04,2026-04-17,1180,False,90,22489763.90,40884.50,567.95,True,,HYDROPOWER,medium,pattern:HPL$,False,SECTOR_UNVERIFIED;POST_2021_LISTING
MPFL,2021-09-01,2026-04-17,1590,True,90,22383145.10,32843.50,650.40,True,,FINANCE,high,curated_lookup,True,
HHL,2022-08-08,2026-04-17,1329,False,90,22350866.35,62383.50,344.05,True,,UNKNOWN,low,unclassified,False,SECTOR_UNVERIFIED;POST_2021_LISTING
ALICL,2021-09-01,2026-04-17,1595,True,90,22278181.20,46658.00,470.00,True,,LIFE_INSURANCE,high,curated_lookup,True,
NBL,2021-09-01,2026-04-17,1595,True,90,22250388.90,88883.00,248.40,True,,COMMERCIAL_BANK,high,curated_lookup,True,
EHPL,2022-12-14,2026-04-17,1198,False,90,21418890.70,52016.00,421.00,True,,HYDROPOWER,medium,pattern:HPL$,False,SECTOR_UNVERIFIED;POST_2021_LISTING
MNBBL,2021-09-01,2026-04-17,1592,True,90,21278236.80,58554.50,371.00,True,,DEV_BANK,high,curated_lookup,True,
MNBBLP,2021-11-15,2026-03-24,77,False,1,21258000.00,90000.00,236.20,True,,UNKNOWN,low,unclassified,False,SECTOR_UNVERIFIED;LOW_ACTIVITY;POST_2021_LISTING
BHDC,2022-07-28,2026-04-17,1339,False,90,21201748.10,43874.00,481.50,True,,UNKNOWN,low,unclassified,False,SECTOR_UNVERIFIED;POST_2021_LISTING
SONA,2023-10-29,2026-04-17,897,False,90,21109236.05,48134.50,436.05,True,,UNKNOWN,low,unclassified,False,SECTOR_UNVERIFIED;POST_2021_LISTING
KBLPO,2021-09-01,2026-04-10,232,True,9,20580000.00,200000.00,100.00,False,promoter_share,UNKNOWN,low,unclassified,False,SECTOR_UNVERIFIED
KPCL,2021-09-01,2026-04-17,1591,True,90,20360359.35,39597.00,533.45,True,,HYDROPOWER,high,curated_lookup,False,
MBL,2021-09-01,2026-04-17,1595,True,90,20151451.40,87660.00,232.25,True,,COMMERCIAL_BANK,high,curated_lookup,True,
PPCL,2021-09-01,2026-04-17,1595,True,90,20142914.80,53441.00,385.00,True,,HYDROPOWER,high,curated_lookup,False,
GRDBL,2021-09-01,2026-04-17,1595,True,90,19962752.80,17812.00,1095.40,True,,DEV_BANK,high,curated_lookup,True,
SINDU,2021-09-01,2026-04-17,1595,True,90,19815720.60,25618.00,760.00,True,,DEV_BANK,high,curated_lookup,True,
CHCL,2021-09-01,2026-04-17,1595,True,90,19556220.60,41621.00,477.00,True,,HYDROPOWER,high,curated_lookup,False,
JOSHI,2021-09-01,2026-04-17,1595,True,90,19499242.75,65710.00,300.00,True,,HYDROPOWER,high,curated_lookup,False,
LSL,2023-08-28,2026-04-17,959,False,90,19444644.70,91404.00,215.80,True,,UNKNOWN,low,unclassified,False,SECTOR_UNVERIFIED;POST_2021_LISTING
NLICLP,2022-02-24,2026-02-16,26,False,3,19227900.00,59900.00,321.00,True,,UNKNOWN,low,unclassified,False,SECTOR_UNVERIFIED;LOW_ACTIVITY;POST_2021_LISTING
CBBL,2021-09-01,2026-04-17,1595,True,90,19129089.90,20721.00,931.50,True,,MICROFINANCE,high,curated_lookup,True,
KSBBL,2021-09-01,2026-04-17,1595,True,90,19029212.70,40338.00,468.00,True,,DEV_BANK,high,curated_lookup,True,
HBL,2022-06-06,2026-04-17,1381,False,90,18887076.20,96785.00,194.25,True,,COMMERCIAL_BANK,high,curated_lookup,False,POST_2021_LISTING
PMHPL,2021-09-01,2026-04-17,1595,True,90,18685442.60,53891.00,350.00,True,,HYDROPOWER,high,curated_lookup,False,
MKJC,2021-11-03,2026-04-17,1589,False,90,18646780.05,35603.50,529.50,True,,UNKNOWN,low,unclassified,False,SECTOR_UNVERIFIED;POST_2021_LISTING
RNLI,2023-09-17,2026-04-17,939,False,90,18069385.70,38541.00,468.95,True,,UNKNOWN,low,unclassified,False,SECTOR_UNVERIFIED;POST_2021_LISTING
MHL,2022-08-17,2026-04-17,1320,False,90,17791901.20,32869.00,525.30,True,,UNKNOWN,low,unclassified,False,SECTOR_UNVERIFIED;POST_2021_LISTING
NMIC,2025-04-08,2026-04-17,371,False,90,17747272.60,13597.00,1315.50,True,,UNKNOWN,low,unclassified,False,SECTOR_UNVERIFIED;POST_2021_LISTING
RHPL,2021-09-01,2026-04-17,1595,True,90,17226290.30,59675.00,292.25,True,,HYDROPOWER,high,curated_lookup,False,
ALBSL,2021-09-01,2026-04-17,1592,True,90,17204997.70,15536.00,1160.00,True,,MICROFINANCE,high,curated_lookup,True,
SGHC,2022-08-17,2026-04-17,1320,False,90,17182177.90,43608.00,410.50,True,,UNKNOWN,low,unclassified,False,SECTOR_UNVERIFIED;POST_2021_LISTING
SADBL,2021-09-01,2026-04-17,1595,True,90,17012396.50,40135.00,419.65,True,,DEV_BANK,high,curated_lookup,False,
GFCL,2021-09-01,2026-04-17,1595,True,90,16924884.90,25586.50,664.00,True,,FINANCE,high,curated_lookup,True,
SHL,2021-09-01,2026-04-17,1595,True,90,16706595.05,33660.00,501.50,True,,HOTEL,high,curated_lookup,True,
MLBL,2021-09-01,2026-04-17,1595,True,90,16505606.85,43928.00,376.00,True,,MICROFINANCE,high,curated_lookup,True,
MABEL,2025-11-04,2026-04-17,161,False,90,16396416.90,22364.50,755.50,True,,UNKNOWN,low,unclassified,False,SECTOR_UNVERIFIED;POST_2021_LISTING
SIFC,2021-09-01,2026-04-17,1592,True,90,16384127.70,29256.50,591.80,True,,FINANCE,high,curated_lookup,True,
ULHC,2023-09-25,2026-04-17,931,False,90,16250171.50,31168.00,532.55,True,,UNKNOWN,low,unclassified,False,SECTOR_UNVERIFIED;POST_2021_LISTING
SJLIC,2023-01-25,2026-04-17,1159,False,90,16117580.70,36569.00,447.00,True,,UNKNOWN,low,unclassified,False,SECTOR_UNVERIFIED;POST_2021_LISTING
BUNGAL,2025-11-10,2026-04-17,155,False,90,16095124.75,25149.50,652.50,True,,UNKNOWN,low,unclassified,False,SECTOR_UNVERIFIED;POST_2021_LISTING
PCBL,2021-09-01,2026-04-17,1595,True,90,15906653.15,65503.50,242.20,True,,COMMERCIAL_BANK,high,curated_lookup,True,
OMPL,2025-05-04,2026-04-17,345,False,90,15672461.45,11939.00,1333.00,True,,UNKNOWN,low,unclassified,False,SECTOR_UNVERIFIED;POST_2021_LISTING
LICN,2021-09-01,2026-04-17,1595,True,90,15299906.55,18068.50,848.55,True,,LIFE_INSURANCE,high,curated_lookup,True,
MBJC,2021-12-26,2026-04-17,1542,False,90,15100417.80,51820.00,293.50,True,,UNKNOWN,low,unclassified,False,SECTOR_UNVERIFIED;POST_2021_LISTING
CIT,2021-09-01,2026-04-17,1595,True,90,14954774.80,8420.00,1780.95,True,,INVESTMENT,high,curated_lookup,False,
SIKLES,2022-11-15,2026-04-17,1230,False,90,14928993.20,23666.00,620.20,True,,UNKNOWN,low,unclassified,False,SECTOR_UNVERIFIED;POST_2021_LISTING
USHEC,2022-08-17,2026-04-17,1320,False,90,14850923.20,30898.50,483.10,True,,UNKNOWN,low,unclassified,False,SECTOR_UNVERIFIED;POST_2021_LISTING
ADBL,2021-09-01,2026-04-17,1595,True,90,14601174.90,47965.00,304.90,True,,COMMERCIAL_BANK,high,curated_lookup,True,
MDB,2021-09-01,2026-04-17,1595,True,90,14569388.25,23169.00,637.50,True,,DEV_BANK,high,curated_lookup,False,
JHAPA,2025-11-16,2026-04-17,149,False,90,14216039.70,10133.00,1433.00,True,,UNKNOWN,low,unclassified,False,SECTOR_UNVERIFIED;POST_2021_LISTING
STC,2021-09-01,2026-04-17,1594,True,90,14102420.60,2343.00,5694.00,True,,TRADING,high,curated_lookup,True,
SRLI,2023-05-21,2026-04-17,1057,False,90,14056523.20,35648.50,396.20,True,,UNKNOWN,low,unclassified,False,SECTOR_UNVERIFIED;POST_2021_LISTING
ICFC,2021-09-01,2026-04-17,1595,True,90,13979220.20,20899.00,660.00,True,,FINANCE,high,curated_lookup,True,
SKBBL,2021-09-01,2026-04-17,1499,True,90,13942184.75,17550.50,775.50,True,,MICROFINANCE,high,curated_lookup,True,
CORBL,2021-09-01,2026-04-17,1595,True,90,13692644.25,7702.00,1734.05,True,,DEV_BANK,high,curated_lookup,False,
GBBL,2021-09-01,2026-04-17,1595,True,90,13675822.50,33738.50,404.00,True,,DEV_BANK,high,curated_lookup,False,
MKHC,2023-03-22,2026-04-17,1103,False,90,13537220.50,39577.50,341.60,True,,UNKNOWN,low,unclassified,False,SECTOR_UNVERIFIED;POST_2021_LISTING
CZBIL,2021-09-01,2026-04-17,1595,True,90,13505858.55,69449.50,199.00,True,,COMMERCIAL_BANK,high,curated_lookup,True,
SHINE,2021-09-01,2026-04-17,1595,True,90,13231691.30,32334.00,409.85,True,,DEV_BANK,high,curated_lookup,False,
GUFL,2021-09-01,2026-04-17,1595,True,90,13176391.30,23895.00,567.45,True,,FINANCE,high,curated_lookup,True,
CFCL,2021-09-01,2026-04-17,1589,True,90,13087995.80,24595.00,541.95,True,,FINANCE,high,curated_lookup,True,
NRM,2023-08-06,2026-04-17,980,False,90,12984466.70,30094.50,430.65,True,,UNKNOWN,low,unclassified,False,SECTOR_UNVERIFIED;POST_2021_LISTING
SBI,2021-09-01,2026-04-17,1595,True,90,12973233.95,31926.00,409.00,True,,COMMERCIAL_BANK,high,curated_lookup,True,
PRIN,2021-09-01,2026-04-17,1454,True,90,12902594.00,17277.00,727.50,True,,LIFE_INSURANCE,high,curated_lookup,True,
SCB,2021-09-01,2026-04-17,1595,True,90,12841046.05,20123.00,647.10,True,,COMMERCIAL_BANK,high,curated_lookup,True,
RLFL,2021-09-01,2026-04-17,1595,True,90,12639768.85,27440.00,458.45,True,,FINANCE,high,curated_lookup,True,
UMRH,2021-09-01,2026-04-17,1595,True,90,12593505.70,22080.50,558.50,True,,HYDROPOWER,high,curated_lookup,False,
NFS,2021-09-01,2026-04-17,1595,True,90,12582309.80,20328.00,644.00,True,,FINANCE,high,curated_lookup,False,
MLBSLP,2025-03-11,2026-01-20,2,False,1,12453600.00,83024.00,100.00,True,,UNKNOWN,low,unclassified,False,SECTOR_UNVERIFIED;LOW_ACTIVITY;POST_2021_LISTING
UHEWA,2022-08-11,2026-04-17,1323,False,90,12438464.95,21688.00,570.00,True,,UNKNOWN,low,unclassified,False,SECTOR_UNVERIFIED;POST_2021_LISTING
RSDC,2021-09-01,2026-04-17,1595,True,90,12196252.60,18352.00,670.00,True,,MICROFINANCE,high,curated_lookup,True,
NTC,2021-09-01,2026-04-17,1595,True,90,12088615.70,13862.00,862.95,True,,TELECOM,high,curated_lookup,True,
BFC,2021-09-01,2026-04-17,1595,True,90,12005846.65,24709.50,478.90,True,,FINANCE,high,curated_lookup,False,
NLG,2021-09-01,2026-04-17,1595,True,90,11902629.95,17376.00,679.90,True,,NON_LIFE_INSURANCE,high,curated_lookup,True,
SMJC,2023-04-17,2026-04-17,1090,False,90,11657450.15,23937.50,492.00,True,,UNKNOWN,low,unclassified,False,SECTOR_UNVERIFIED;POST_2021_LISTING
SMH,2023-03-27,2026-04-17,1094,False,90,11432882.60,17054.50,646.50,True,,UNKNOWN,low,unclassified,False,SECTOR_UNVERIFIED;POST_2021_LISTING
SNLI,2023-09-21,2026-04-17,935,False,90,11355470.70,24579.50,469.00,True,,UNKNOWN,low,unclassified,False,SECTOR_UNVERIFIED;POST_2021_LISTING
TAMOR,2023-04-17,2026-04-17,1090,False,90,11321873.00,26787.00,446.00,True,,UNKNOWN,low,unclassified,False,SECTOR_UNVERIFIED;POST_2021_LISTING
MHNL,2021-09-01,2026-04-17,1595,True,90,11212857.50,37784.00,274.25,True,,HYDROPOWER,high,curated_lookup,False,
HATHY,2023-10-11,2026-04-17,915,False,90,11032316.20,11824.00,919.00,True,,UNKNOWN,low,unclassified,False,SECTOR_UNVERIFIED;POST_2021_LISTING
PCBLP,2021-11-03,2026-04-16,178,False,5,11016900.00,110169.00,100.00,True,,UNKNOWN,low,unclassified,False,SECTOR_UNVERIFIED;LOW_ACTIVITY;POST_2021_LISTING
BNHC,2022-01-18,2026-04-17,1518,False,90,10938554.80,30119.00,373.30,True,,UNKNOWN,low,unclassified,False,SECTOR_UNVERIFIED;POST_2021_LISTING
SPC,2021-11-25,2026-04-17,1566,False,90,10861201.45,20865.50,512.05,True,,UNKNOWN,low,unclassified,False,SECTOR_UNVERIFIED;POST_2021_LISTING
SGIC,2023-01-23,2026-04-17,1161,False,90,10754324.05,21741.00,486.00,True,,UNKNOWN,low,unclassified,False,SECTOR_UNVERIFIED;POST_2021_LISTING
JBLB,2021-09-01,2026-04-17,1595,True,90,10737118.55,8160.50,1321.00,True,,MICROFINANCE,high,curated_lookup,True,
SJCL,2021-09-01,2026-04-17,1595,True,90,10727222.00,35044.00,304.90,True,,HYDROPOWER,high,curated_lookup,False,
GMFIL,2021-09-01,2026-04-17,1595,True,90,10679550.60,22462.00,479.00,True,,FINANCE,high,curated_lookup,False,
GCIL,2023-08-13,2026-04-17,974,False,90,10401868.05,24047.50,428.00,True,,UNKNOWN,low,unclassified,False,SECTOR_UNVERIFIED;POST_2021_LISTING
NMB,2021-09-01,2026-04-17,1595,True,90,10149805.40,43208.00,241.50,True,,COMMERCIAL_BANK,high,curated_lookup,True,
MEHL,2023-09-25,2026-04-17,931,False,90,9965832.15,22288.00,449.45,True,,UNKNOWN,low,unclassified,False,SECTOR_UNVERIFIED;POST_2021_LISTING
DDBL,2021-09-01,2026-04-17,1595,True,90,9754548.60,11535.00,842.15,True,,MICROFINANCE,high,curated_lookup,True,
CLI,2023-10-01,2026-04-17,921,False,90,9589922.30,19843.00,473.80,True,,UNKNOWN,low,unclassified,False,SECTOR_UNVERIFIED;POST_2021_LISTING
SRLIP,2025-06-09,2026-04-07,23,False,1,9349490.00,43486.00,215.00,True,,UNKNOWN,low,unclassified,False,SECTOR_UNVERIFIED;LOW_ACTIVITY;POST_2021_LISTING
NLICL,2021-09-01,2026-04-17,1594,True,89,9305560.30,15949.00,590.00,True,,LIFE_INSURANCE,high,curated_lookup,True,
IGI,2021-09-01,2026-04-17,1570,True,90,9284384.40,21833.00,435.50,True,,NON_LIFE_INSURANCE,high,curated_lookup,True,
EDBL,2021-09-01,2026-04-17,1595,True,90,9004909.75,15306.00,596.90,True,,DEV_BANK,high,curated_lookup,False,
UAIL,2023-07-17,2026-04-17,1000,False,90,8946836.50,19430.00,464.80,True,,UNKNOWN,low,unclassified,False,SECTOR_UNVERIFIED;POST_2021_LISTING
MEL,2023-07-05,2026-04-17,1009,False,90,8821509.40,30887.00,284.00,True,,UNKNOWN,low,unclassified,False,SECTOR_UNVERIFIED;POST_2021_LISTING
BEDC,2023-06-08,2026-04-17,1039,False,90,8737246.00,16212.00,528.00,True,,UNKNOWN,low,unclassified,False,SECTOR_UNVERIFIED;POST_2021_LISTING
NICL,2021-09-01,2026-04-17,1595,True,90,8638660.80,17306.00,509.00,True,,NON_LIFE_INSURANCE,high,curated_lookup,True,
ILI,2023-08-06,2026-04-17,980,False,90,8321890.40,18724.00,446.50,True,,UNKNOWN,low,unclassified,False,SECTOR_UNVERIFIED;POST_2021_LISTING
PROFL,2021-09-01,2026-04-17,1595,True,90,7701533.55,16472.50,470.50,True,,NON_LIFE_INSURANCE,high,curated_lookup,True,
NMLBBL,2024-05-19,2026-04-17,694,False,90,7663150.70,12295.00,630.85,True,,MICROFINANCE,medium,pattern:LBBL?$,False,SECTOR_UNVERIFIED;POST_2021_LISTING
SABBL,2026-02-16,2026-04-17,57,False,57,7618055.00,6040.00,1147.70,True,,DEV_BANK,medium,pattern:BBL$,False,SECTOR_UNVERIFIED;POST_2021_LISTING
MHCL,2023-04-17,2026-04-17,1087,False,90,7497931.60,20241.50,382.10,True,,UNKNOWN,low,unclassified,False,SECTOR_UNVERIFIED;POST_2021_LISTING
NICLBSL,2021-09-01,2026-04-17,1595,True,90,7353934.20,12662.00,573.00,True,,MICROFINANCE,high,curated_lookup,True,
GBBLPO,2022-01-04,2026-03-31,84,False,4,7349298.00,30369.00,242.00,False,promoter_share,UNKNOWN,low,unclassified,False,SECTOR_UNVERIFIED
RURU,2021-09-01,2026-04-17,1595,True,90,7320884.40,11062.00,668.90,True,,HYDROPOWER,high,curated_lookup,False,
NHDL,2021-09-01,2026-04-17,1595,True,90,7316051.20,11216.00,660.00,True,,HYDROPOWER,high,curated_lookup,False,
NIL,2021-09-01,2026-04-17,1594,True,90,7303174.80,11446.50,635.00,True,,NON_LIFE_INSURANCE,high,curated_lookup,True,
MKHL,2023-05-16,2026-04-17,1059,False,90,7241568.60,9253.00,800.00,True,,UNKNOWN,low,unclassified,False,SECTOR_UNVERIFIED;POST_2021_LISTING
MERO,2021-09-01,2026-04-17,1592,True,90,7195306.50,9634.00,740.40,True,,MICROFINANCE,high,curated_lookup,True,
SFCL,2021-09-01,2026-04-17,1592,True,90,6797222.40,17260.00,394.80,True,,FINANCE,high,curated_lookup,False,
SPL,2023-03-07,2026-04-17,1118,False,90,6792119.90,9129.50,753.45,True,,UNKNOWN,low,unclassified,False,SECTOR_UNVERIFIED;POST_2021_LISTING
PFL,2021-09-01,2026-04-17,1595,True,90,6659605.05,15897.50,385.50,True,,FINANCE,high,curated_lookup,False,
SLBBL,2021-09-01,2026-04-17,1594,True,90,6552961.85,7968.00,833.60,True,,MICROFINANCE,high,curated_lookup,True,
SICL,2021-09-01,2026-04-17,1595,True,90,6538960.45,10328.00,633.00,True,,NON_LIFE_INSURANCE,high,curated_lookup,False,
IHL,2023-06-20,2026-04-17,1027,False,90,6464447.70,12684.00,524.00,True,,UNKNOWN,low,unclassified,False,SECTOR_UNVERIFIED;POST_2021_LISTING
MMKJL,2023-11-20,2026-04-17,875,False,90,6458146.35,11229.00,579.00,True,,UNKNOWN,low,unclassified,False,SECTOR_UNVERIFIED;POST_2021_LISTING
NUBL,2021-09-01,2026-04-17,1594,True,89,6457104.70,8896.00,707.50,True,,MICROFINANCE,high,curated_lookup,True,
SMATA,2021-09-01,2026-04-17,1592,True,90,6381820.30,8172.00,796.00,True,,MICROFINANCE,high,curated_lookup,True,
SWASTIK,2025-11-11,2026-04-17,150,False,90,6298257.60,2215.50,2870.00,True,,UNKNOWN,low,unclassified,False,SECTOR_UNVERIFIED;POST_2021_LISTING
NYADI,2021-11-29,2026-04-17,1569,False,90,6100371.60,15075.00,405.00,True,,UNKNOWN,low,unclassified,False,SECTOR_UNVERIFIED;POST_2021_LISTING
SPHL,2022-10-17,2026-04-17,1258,False,90,5967745.80,10501.50,564.50,True,,UNKNOWN,low,unclassified,False,SECTOR_UNVERIFIED;POST_2021_LISTING
PMLI,2023-12-19,2026-04-17,846,False,90,5941198.70,11911.50,501.00,True,,UNKNOWN,low,unclassified,False,SECTOR_UNVERIFIED;POST_2021_LISTING
USLB,2021-09-01,2026-04-17,1580,True,90,5782411.65,3986.50,1450.50,True,,MICROFINANCE,high,curated_lookup,False,
AVYAN,2022-09-25,2026-04-17,1281,False,90,5774484.00,6029.00,975.00,True,,UNKNOWN,low,unclassified,False,SECTOR_UNVERIFIED;POST_2021_LISTING
JFL,2021-09-01,2026-04-17,1595,True,90,5763549.70,13370.50,436.70,True,,FINANCE,high,curated_lookup,False,
SALICO,2023-05-15,2026-04-17,1063,False,90,5705597.20,9315.00,607.00,True,,UNKNOWN,low,unclassified,False,SECTOR_UNVERIFIED;POST_2021_LISTING
CITY,2023-06-11,2026-04-17,1036,False,90,5579878.90,11589.00,483.45,True,,UNKNOWN,low,unclassified,False,SECTOR_UNVERIFIED;POST_2021_LISTING
SWBBL,2021-09-01,2026-04-17,1595,True,90,5568564.60,7517.00,746.90,True,,MICROFINANCE,high,curated_lookup,False,
MKCL,2023-12-14,2026-04-17,851,False,90,5503628.10,3977.00,1386.00,True,,UNKNOWN,low,unclassified,False,SECTOR_UNVERIFIED;POST_2021_LISTING
ILBS,2021-09-01,2026-04-17,1592,True,90,5375412.80,5646.00,972.50,True,,MICROFINANCE,high,curated_lookup,False,
USHL,2023-08-13,2026-04-17,970,False,90,5277801.40,7131.00,739.50,True,,UNKNOWN,low,unclassified,False,SECTOR_UNVERIFIED;POST_2021_LISTING
CKHL,2023-12-21,2026-04-17,844,False,90,5128752.00,7425.00,701.20,True,,UNKNOWN,low,unclassified,False,SECTOR_UNVERIFIED;POST_2021_LISTING
MAKAR,2023-05-07,2026-04-17,1071,False,90,4985232.05,9607.00,542.00,True,,UNKNOWN,low,unclassified,False,SECTOR_UNVERIFIED;POST_2021_LISTING
KMCDB,2021-09-01,2026-04-17,1595,True,90,4977311.85,5219.00,938.25,True,,MICROFINANCE,high,curated_lookup,False,
HEI,2022-08-10,2026-04-17,1327,False,90,4883783.30,9511.00,522.30,True,,UNKNOWN,low,unclassified,False,SECTOR_UNVERIFIED;POST_2021_LISTING
GBLBS,2021-09-01,2026-04-17,1530,True,90,4869916.50,6369.00,776.80,True,,MICROFINANCE,high,curated_lookup,False,
VLUCL,2023-12-21,2026-04-17,844,False,90,4868575.15,8656.50,567.45,True,,UNKNOWN,low,unclassified,False,SECTOR_UNVERIFIED;POST_2021_LISTING
CYCL,2022-06-13,2026-04-17,1117,False,90,4736439.90,3040.50,1580.00,True,,UNKNOWN,low,unclassified,False,SECTOR_UNVERIFIED;POST_2021_LISTING
SINDUP,2022-09-01,2026-04-05,28,False,1,4660282.00,11149.00,418.00,True,,UNKNOWN,low,unclassified,False,SECTOR_UNVERIFIED;LOW_ACTIVITY;POST_2021_LISTING
MLBBL,2021-09-01,2026-04-17,1591,True,90,4627003.40,3451.00,1342.50,True,,MICROFINANCE,high,curated_lookup,False,
MSLBP,2021-11-11,2026-03-18,44,False,2,4619475.00,6285.00,735.00,True,,UNKNOWN,low,unclassified,False,SECTOR_UNVERIFIED;LOW_ACTIVITY;POST_2021_LISTING
DHPL,2021-09-01,2026-04-17,1595,True,90,4564132.45,14797.00,307.00,True,,HYDROPOWER,high,curated_lookup,False,
AHL,2023-03-23,2026-04-17,1102,False,90,4353427.45,8527.50,540.50,True,,UNKNOWN,low,unclassified,False,SECTOR_UNVERIFIED;POST_2021_LISTING
SMPDA,2024-08-18,2026-04-17,603,False,90,4348923.65,4919.50,877.00,True,,UNKNOWN,low,unclassified,False,SECTOR_UNVERIFIED;POST_2021_LISTING
NMFBS,2021-09-01,2026-04-17,1508,True,90,4329863.50,3853.00,1130.40,True,,MICROFINANCE,high,curated_lookup,False,
GMLI,2025-02-09,2026-04-17,425,False,90,4275444.50,2476.00,1751.45,True,,UNKNOWN,low,unclassified,False,SECTOR_UNVERIFIED;POST_2021_LISTING
TSHL,2023-08-13,2026-04-17,971,False,90,4228760.10,5631.00,763.00,True,,UNKNOWN,low,unclassified,False,SECTOR_UNVERIFIED;POST_2021_LISTING
CYCLP,2025-01-23,2026-04-09,15,False,5,4155000.00,5000.00,847.00,True,,UNKNOWN,low,unclassified,False,SECTOR_UNVERIFIED;LOW_ACTIVITY;POST_2021_LISTING
NWCL,2023-12-21,2026-04-17,844,False,90,4083302.25,4657.00,875.00,True,,UNKNOWN,low,unclassified,False,SECTOR_UNVERIFIED;POST_2021_LISTING
SPIL,2023-04-17,2026-04-17,1090,False,90,4058650.20,5567.00,714.00,True,,UNKNOWN,low,unclassified,False,SECTOR_UNVERIFIED;POST_2021_LISTING
NABILP,2022-08-07,2026-03-31,18,False,1,4008845.40,13314.00,301.10,True,,UNKNOWN,low,unclassified,False,SECTOR_UNVERIFIED;LOW_ACTIVITY;POST_2021_LISTING
FOWAD,2021-09-01,2026-04-17,1592,True,90,3988666.00,3660.00,1092.00,True,,MICROFINANCE,high,curated_lookup,False,
KDL,2023-03-23,2026-04-17,1102,False,90,3888540.15,4759.00,892.00,True,,UNKNOWN,low,unclassified,False,SECTOR_UNVERIFIED;POST_2021_LISTING
OHL,2021-09-01,2026-04-17,1595,True,90,3775257.00,5447.00,715.00,True,,HOTEL,high,curated_lookup,True,
NMBMF,2021-09-01,2026-04-17,1594,True,90,3481882.15,5095.00,677.00,True,,MICROFINANCE,high,curated_lookup,False,
MCHL,2023-06-18,2026-04-17,1029,False,90,3466907.50,8266.00,422.00,True,,UNKNOWN,low,unclassified,False,SECTOR_UNVERIFIED;POST_2021_LISTING
PRVUPO,2021-09-01,2026-01-24,186,True,4,3400000.00,34000.00,100.00,False,promoter_share,UNKNOWN,low,unclassified,False,SECTOR_UNVERIFIED
DOLTI,2023-06-08,2026-04-17,1039,False,90,3250611.45,6574.50,514.00,True,,UNKNOWN,low,unclassified,False,SECTOR_UNVERIFIED;POST_2021_LISTING
SWMF,2022-05-12,2026-04-17,1403,False,90,3159004.45,4653.50,680.40,True,,UNKNOWN,low,unclassified,False,SECTOR_UNVERIFIED;POST_2021_LISTING
PROFLP,2022-07-13,2026-04-01,63,False,2,3090447.70,12081.50,255.80,True,,UNKNOWN,low,unclassified,False,SECTOR_UNVERIFIED;LOW_ACTIVITY;POST_2021_LISTING
ACLBSL,2021-09-01,2026-04-17,1592,True,89,3086650.50,3235.00,977.00,True,,MICROFINANCE,high,curated_lookup,False,
RBCL,2021-09-01,2026-04-17,1591,True,89,3025670.00,202.00,15120.00,True,,NON_LIFE_INSURANCE,high,curated_lookup,False,
GLBSL,2021-09-01,2026-04-17,1571,True,90,2963262.10,1543.50,1940.00,True,,MICROFINANCE,high,curated_lookup,False,
BBC,2021-09-01,2026-04-17,1577,True,90,2849077.55,578.00,4852.55,True,,TRADING,high,curated_lookup,False,
SLBSL,2021-09-01,2026-04-17,1519,True,90,2811365.80,2170.00,1329.45,True,,MICROFINANCE,high,curated_lookup,False,
PMLIP,2024-02-04,2026-03-25,74,False,3,2786400.00,10320.00,270.00,True,,UNKNOWN,low,unclassified,False,SECTOR_UNVERIFIED;LOW_ACTIVITY;POST_2021_LISTING
VLBS,2021-09-01,2026-04-17,1565,True,89,2756156.00,3587.00,769.00,True,,MICROFINANCE,high,curated_lookup,False,
SWMFPO,2022-08-22,2026-04-01,85,False,4,2674000.00,7000.00,382.00,False,promoter_share,UNKNOWN,low,unclassified,False,SECTOR_UNVERIFIED
SMB,2021-09-01,2026-04-17,1562,True,90,2673901.70,1422.00,1900.00,True,,MICROFINANCE,high,curated_lookup,False,
MATRIP,2024-10-07,2026-03-24,24,False,2,2665546.40,5047.00,528.80,True,,UNKNOWN,low,unclassified,False,SECTOR_UNVERIFIED;LOW_ACTIVITY;POST_2021_LISTING
SMFBS,2021-09-01,2026-04-17,1574,True,90,2652072.60,1579.50,1680.00,True,,MICROFINANCE,high,curated_lookup,False,
NESDO,2022-03-28,2026-04-17,1451,False,90,2629706.60,1692.50,1545.30,True,,UNKNOWN,low,unclassified,False,SECTOR_UNVERIFIED;POST_2021_LISTING
ULBSL,2022-05-27,2026-04-17,1388,False,90,2554231.30,782.00,3251.90,True,,MICROFINANCE,medium,pattern:LBSL?$,False,SECTOR_UNVERIFIED;POST_2021_LISTING
BGWT,2023-10-12,2026-04-17,914,False,90,2522485.40,3244.50,768.00,True,,UNKNOWN,low,unclassified,False,SECTOR_UNVERIFIED;POST_2021_LISTING
MSLB,2021-09-01,2026-04-17,1580,True,90,2504810.20,1940.00,1317.50,True,,MICROFINANCE,high,curated_lookup,False,
MANDU,2023-10-11,2026-04-17,915,False,90,2500699.05,3009.00,825.00,True,,UNKNOWN,low,unclassified,False,SECTOR_UNVERIFIED;POST_2021_LISTING
GBIMEP,2021-11-15,2026-04-07,210,False,19,2384600.00,23846.00,100.00,True,,UNKNOWN,low,unclassified,False,SECTOR_UNVERIFIED;LOW_ACTIVITY;POST_2021_LISTING
NADEP,2022-12-07,2026-04-17,1208,False,90,2348691.20,2985.00,792.00,True,,UNKNOWN,low,unclassified,False,SECTOR_UNVERIFIED;POST_2021_LISTING
WNLB,2022-01-19,2026-04-17,1482,False,89,2267178.50,1475.00,1550.00,True,,UNKNOWN,low,unclassified,False,SECTOR_UNVERIFIED;POST_2021_LISTING
SLBBLP,2021-12-22,2026-02-16,29,False,5,2265000.00,5000.00,453.00,True,,UNKNOWN,low,unclassified,False,SECTOR_UNVERIFIED;LOW_ACTIVITY;POST_2021_LISTING
GILB,2021-09-01,2026-04-17,1595,True,90,2186177.50,1964.00,1163.50,True,,MICROFINANCE,high,curated_lookup,False,
HLBSL,2023-07-23,2026-04-17,994,False,90,2184370.15,2387.50,920.00,True,,MICROFINANCE,medium,pattern:LBSL?$,False,SECTOR_UNVERIFIED;POST_2021_LISTING
MLBSL,2021-09-01,2026-04-17,1585,True,90,2103833.75,1107.00,1899.50,True,,MICROFINANCE,high,curated_lookup,False,
ANLB,2023-05-02,2026-04-17,1073,False,90,2084233.70,345.00,6330.55,True,,UNKNOWN,low,unclassified,False,SECTOR_UNVERIFIED;POST_2021_LISTING
RLFLPO,2021-11-30,2026-04-08,32,False,2,1888300.00,7000.00,271.30,False,promoter_share,UNKNOWN,low,unclassified,False,SECTOR_UNVERIFIED
TRH,2021-09-01,2026-04-17,1594,True,90,1886850.40,2446.00,759.05,True,,HOTEL,high,curated_lookup,True,
GMFBS,2021-09-01,2026-04-17,1588,True,90,1789086.90,1229.00,1455.25,True,,MICROFINANCE,high,curated_lookup,False,
RAWA,2023-07-05,2026-04-17,1012,False,90,1788121.50,2559.50,721.95,True,,UNKNOWN,low,unclassified,False,SECTOR_UNVERIFIED;POST_2021_LISTING
MLBS,2021-11-03,2026-04-17,1591,False,89,1747002.00,1224.00,1450.00,True,,MICROFINANCE,medium,pattern:LBSL?$,False,SECTOR_UNVERIFIED;POST_2021_LISTING
MATRI,2024-08-13,2026-04-17,608,False,90,1686394.50,1754.50,970.10,True,,UNKNOWN,low,unclassified,False,SECTOR_UNVERIFIED;POST_2021_LISTING
NMLBBLP,2024-12-23,2026-04-08,8,False,1,1503000.00,4500.00,334.00,True,,UNKNOWN,low,unclassified,False,SECTOR_UNVERIFIED;LOW_ACTIVITY;POST_2021_LISTING
UNL,2021-09-01,2026-04-17,1470,True,84,1497901.00,32.00,46925.10,True,,MANUFACTURING,high,curated_lookup,True,
ENL,2022-03-06,2026-04-17,1470,False,90,1453321.80,1555.50,922.00,True,,UNKNOWN,low,unclassified,False,SECTOR_UNVERIFIED;POST_2021_LISTING
SFCLP,2022-06-13,2026-01-19,5,False,2,1416248.00,15394.00,164.00,True,,UNKNOWN,low,unclassified,False,SECTOR_UNVERIFIED;LOW_ACTIVITY;POST_2021_LISTING
LLBS,2021-09-01,2026-04-17,1574,True,89,1370503.10,1432.00,991.00,True,,MICROFINANCE,high,curated_lookup,False,
BJHL,2026-03-22,2026-04-17,24,False,24,1286750.00,1840.00,700.00,True,,UNKNOWN,low,unclassified,False,SECTOR_UNVERIFIED;LOW_ACTIVITY;POST_2021_LISTING
ICFCD89,2026-04-08,2026-04-17,7,False,7,1280593.70,1176.00,1090.00,False,debenture_pattern,UNKNOWN,low,unclassified,False,SECTOR_UNVERIFIED
MSHL,2023-10-12,2026-04-17,914,False,90,1248643.60,1520.00,808.30,True,,UNKNOWN,low,unclassified,False,SECTOR_UNVERIFIED;POST_2021_LISTING
SHLB,2022-12-20,2026-04-17,1195,False,90,1194606.70,760.50,1609.45,True,,UNKNOWN,low,unclassified,False,SECTOR_UNVERIFIED;POST_2021_LISTING
UNLB,2023-02-28,2026-04-17,1124,False,90,1189244.90,649.00,1867.00,True,,UNKNOWN,low,unclassified,False,SECTOR_UNVERIFIED;POST_2021_LISTING
DLBS,2022-10-23,2026-04-17,1192,False,90,1182122.30,882.50,1340.15,True,,MICROFINANCE,medium,pattern:LBSL?$,False,SECTOR_UNVERIFIED;POST_2021_LISTING
BNT,2021-09-01,2026-04-17,1570,True,89,1155558.00,100.00,11799.90,True,,MANUFACTURING,high,curated_lookup,True,
JSLBB,2021-09-01,2026-04-17,1593,True,89,1079641.00,914.00,1165.00,True,,MICROFINANCE,high,curated_lookup,False,
RBCLPO,2021-09-01,2026-04-17,1513,True,85,1040769.00,87.00,12000.00,False,promoter_share,UNKNOWN,low,unclassified,False,SECTOR_UNVERIFIED
JBBLPO,2021-11-23,2026-04-09,80,False,3,986425.00,5275.00,187.00,False,promoter_share,UNKNOWN,low,unclassified,False,SECTOR_UNVERIFIED
NIMBPO,2023-03-20,2026-04-17,1071,False,90,893766.50,5424.00,157.80,False,promoter_share,UNKNOWN,low,unclassified,False,SECTOR_UNVERIFIED
HEIP,2022-09-02,2026-04-17,1165,False,85,677896.00,2215.00,317.00,True,,UNKNOWN,low,unclassified,False,SECTOR_UNVERIFIED;POST_2021_LISTING
KBSH,2023-08-21,2026-04-17,966,False,90,544217.10,331.50,1680.00,True,,UNKNOWN,low,unclassified,False,SECTOR_UNVERIFIED;POST_2021_LISTING
BNL,2022-05-17,2026-04-17,588,False,76,462070.00,30.00,15353.00,True,,MANUFACTURING,high,curated_lookup,False,POST_2021_LISTING
RMF1,2021-11-03,2026-04-17,1588,False,90,351728.75,36450.00,9.66,True,,UNKNOWN,low,unclassified,False,SECTOR_UNVERIFIED;POST_2021_LISTING
NBF3,2021-11-22,2026-04-17,1571,False,89,342818.00,35990.00,9.60,True,,UNKNOWN,low,unclassified,False,SECTOR_UNVERIFIED;POST_2021_LISTING
SKHL,2026-03-25,2026-04-17,21,False,21,332121.00,570.00,584.50,True,,UNKNOWN,low,unclassified,False,SECTOR_UNVERIFIED;LOW_ACTIVITY;POST_2021_LISTING
NICD83/84,2021-11-03,2026-03-23,239,False,7,296692.50,265.00,1120.00,True,,UNKNOWN,low,unclassified,False,SECTOR_UNVERIFIED;LOW_ACTIVITY;POST_2021_LISTING
NSIF2,2023-04-03,2026-04-17,1086,False,89,253066.85,23665.00,10.72,True,,UNKNOWN,low,unclassified,False,SECTOR_UNVERIFIED;POST_2021_LISTING
RLEL,2026-03-29,2026-04-17,17,False,17,250291.00,440.00,584.50,True,,UNKNOWN,low,unclassified,False,SECTOR_UNVERIFIED;LOW_ACTIVITY;POST_2021_LISTING
MMF1,2021-11-18,2026-04-17,1578,False,89,249639.40,26012.00,9.43,True,,UNKNOWN,low,unclassified,False,SECTOR_UNVERIFIED;POST_2021_LISTING
SHINED,2025-11-11,2026-04-17,124,False,67,248190.00,220.00,1130.00,True,,UNKNOWN,low,unclassified,False,SECTOR_UNVERIFIED;POST_2021_LISTING
PRSF,2023-06-08,2026-04-17,1017,False,89,237483.00,21300.00,11.36,True,,UNKNOWN,low,unclassified,False,SECTOR_UNVERIFIED;POST_2021_LISTING
RSY,2025-06-26,2026-04-17,288,False,89,236365.27,23700.00,10.00,True,,UNKNOWN,low,unclassified,False,SECTOR_UNVERIFIED;POST_2021_LISTING
MBLEF,2025-05-22,2026-04-17,326,False,89,212908.80,21230.00,10.10,True,,UNKNOWN,low,unclassified,False,SECTOR_UNVERIFIED;POST_2021_LISTING
ICFCD83,2021-09-01,2026-04-16,666,True,30,212125.50,190.00,1117.50,False,debenture_pattern,UNKNOWN,low,unclassified,False,SECTOR_UNVERIFIED
NMBD2085,2021-11-08,2026-03-22,198,False,7,210488.00,180.00,1165.00,True,,UNKNOWN,low,unclassified,False,SECTOR_UNVERIFIED;LOW_ACTIVITY;POST_2021_LISTING
MNMF1,2025-01-16,2026-04-17,451,False,89,194110.60,19520.00,9.68,True,,UNKNOWN,low,unclassified,False,SECTOR_UNVERIFIED;POST_2021_LISTING
PCIL,2026-04-10,2026-04-17,5,False,5,183677.00,420.00,399.30,True,,UNKNOWN,low,unclassified,False,SECTOR_UNVERIFIED;LOW_ACTIVITY;POST_2021_LISTING
KEF,2021-09-01,2026-04-17,1585,True,89,180258.20,20186.00,9.56,False,known_mutual_fund,UNKNOWN,low,unclassified,False,SECTOR_UNVERIFIED
PSF,2021-09-01,2026-04-17,1590,True,89,178075.08,16064.00,11.26,False,known_mutual_fund,UNKNOWN,low,unclassified,False,SECTOR_UNVERIFIED
NSY,2026-03-17,2026-04-17,28,False,28,172502.00,17890.00,9.71,True,,UNKNOWN,low,unclassified,False,SECTOR_UNVERIFIED;LOW_ACTIVITY;POST_2021_LISTING
SKHEL,2026-03-29,2026-04-17,17,False,17,170624.00,310.00,553.60,True,,UNKNOWN,low,unclassified,False,SECTOR_UNVERIFIED;LOW_ACTIVITY;POST_2021_LISTING
RSML,2026-02-16,2026-04-17,57,False,57,168970.00,170.00,1033.20,True,,UNKNOWN,low,unclassified,False,SECTOR_UNVERIFIED;POST_2021_LISTING
KDBY,2022-07-27,2026-04-17,1335,False,89,167882.00,16500.00,10.17,True,,UNKNOWN,low,unclassified,False,SECTOR_UNVERIFIED;POST_2021_LISTING
NIBLGF,2023-04-27,2026-04-17,1061,False,89,167647.40,18480.00,9.50,True,,UNKNOWN,low,unclassified,False,SECTOR_UNVERIFIED;POST_2021_LISTING
BOKD86KA,2024-06-24,2026-03-02,91,False,6,157860.00,135.00,1188.00,True,,UNKNOWN,low,unclassified,False,SECTOR_UNVERIFIED;LOW_ACTIVITY;POST_2021_LISTING
CZBILP,2021-12-16,2026-02-09,66,False,4,157396.00,1444.00,109.00,True,,UNKNOWN,low,unclassified,False,SECTOR_UNVERIFIED;LOW_ACTIVITY;POST_2021_LISTING
GSY,2025-02-20,2026-04-17,416,False,89,156818.30,16100.00,9.65,True,,UNKNOWN,low,unclassified,False,SECTOR_UNVERIFIED;POST_2021_LISTING
EBLD91,2025-05-21,2026-04-17,298,False,85,151845.00,138.00,1098.10,False,debenture_pattern,UNKNOWN,low,unclassified,False,SECTOR_UNVERIFIED
SEF,2021-09-01,2026-04-17,1521,True,89,144603.75,14475.00,9.74,False,known_mutual_fund,UNKNOWN,low,unclassified,False,SECTOR_UNVERIFIED
NIBSF2,2021-09-01,2026-04-17,1585,True,89,144433.85,15431.00,9.26,False,known_mutual_fund,UNKNOWN,low,unclassified,False,SECTOR_UNVERIFIED
GIBF1,2022-09-28,2026-04-17,1271,False,89,143277.80,13432.00,10.79,True,,UNKNOWN,low,unclassified,False,SECTOR_UNVERIFIED;POST_2021_LISTING
LBBLD89,2024-04-02,2026-04-06,311,False,36,124000.00,100.00,1277.00,False,debenture_pattern,UNKNOWN,low,unclassified,False,SECTOR_UNVERIFIED
PBLD86,2021-11-08,2026-04-07,193,False,12,118474.00,102.00,1162.00,False,debenture_pattern,UNKNOWN,low,unclassified,False,SECTOR_UNVERIFIED
HFIN,2026-03-12,2026-04-17,33,False,33,117349.00,370.00,289.10,True,,UNKNOWN,low,unclassified,False,SECTOR_UNVERIFIED;POST_2021_LISTING
ICFCD88,2025-03-09,2026-04-17,352,False,78,116168.75,100.00,1141.10,False,debenture_pattern,UNKNOWN,low,unclassified,False,SECTOR_UNVERIFIED
PBD84,2024-06-25,2026-04-15,264,False,13,113750.00,100.00,1145.00,False,debenture_pattern,UNKNOWN,low,unclassified,False,SECTOR_UNVERIFIED
NICSF,2021-11-03,2026-04-17,1587,False,89,112587.70,11853.00,9.23,True,,UNKNOWN,low,unclassified,False,SECTOR_UNVERIFIED;POST_2021_LISTING
MFLD85,2021-09-01,2026-04-01,576,True,35,111100.00,100.00,1163.90,False,debenture_pattern,UNKNOWN,low,unclassified,False,SECTOR_UNVERIFIED
SBLD83,2021-11-11,2026-03-21,149,False,6,110907.50,102.50,1085.50,False,debenture_pattern,UNKNOWN,low,unclassified,False,SECTOR_UNVERIFIED
NMBD87/88,2022-11-30,2026-04-07,431,False,18,110500.00,100.00,1080.55,True,,UNKNOWN,low,unclassified,False,SECTOR_UNVERIFIED;LOW_ACTIVITY;POST_2021_LISTING
SBCF,2021-09-01,2026-04-17,1583,True,89,107312.00,11200.00,9.58,False,known_mutual_fund,UNKNOWN,low,unclassified,False,SECTOR_UNVERIFIED
SLCF,2021-09-01,2026-04-17,1582,True,89,107171.94,11006.00,9.70,False,known_mutual_fund,UNKNOWN,low,unclassified,False,SECTOR_UNVERIFIED
NICAD2091,2025-10-07,2026-04-16,167,False,76,106307.50,100.00,1062.30,True,,UNKNOWN,low,unclassified,False,SECTOR_UNVERIFIED;POST_2021_LISTING
SBID83,2022-10-16,2026-04-13,724,False,49,106300.00,100.00,1065.00,False,debenture_pattern,UNKNOWN,low,unclassified,False,SECTOR_UNVERIFIED
SBID2090,2025-11-10,2026-04-17,93,False,52,106000.00,100.00,1060.00,True,,UNKNOWN,low,unclassified,False,SECTOR_UNVERIFIED;POST_2021_LISTING
NBBD2085,2022-01-05,2026-04-15,181,False,14,101812.25,87.00,1150.00,True,,UNKNOWN,low,unclassified,False,SECTOR_UNVERIFIED;LOW_ACTIVITY;POST_2021_LISTING
SFEF,2023-04-20,2026-04-17,1074,False,89,101524.00,9700.00,9.88,True,,UNKNOWN,low,unclassified,False,SECTOR_UNVERIFIED;POST_2021_LISTING
CSY,2026-02-17,2026-04-17,55,False,55,100407.00,10442.00,9.47,True,,UNKNOWN,low,unclassified,False,SECTOR_UNVERIFIED;POST_2021_LISTING
NIBLSTF,2024-06-03,2026-04-17,676,False,90,100240.25,10980.00,9.23,True,,UNKNOWN,low,unclassified,False,SECTOR_UNVERIFIED;POST_2021_LISTING
NMBD89/90,2024-07-14,2026-03-28,146,False,15,93675.00,75.00,1249.00,True,,UNKNOWN,low,unclassified,False,SECTOR_UNVERIFIED;LOW_ACTIVITY;POST_2021_LISTING
SIPD,2026-04-10,2026-04-17,5,False,5,81729.00,220.00,378.20,True,,UNKNOWN,low,unclassified,False,SECTOR_UNVERIFIED;LOW_ACTIVITY;POST_2021_LISTING
NICBF,2021-09-01,2026-04-17,1501,True,86,81320.00,9000.00,9.60,False,known_mutual_fund,UNKNOWN,low,unclassified,False,SECTOR_UNVERIFIED
MND84/85,2024-05-21,2026-04-07,268,False,19,80625.00,75.00,1075.00,True,,UNKNOWN,low,unclassified,False,SECTOR_UNVERIFIED;LOW_ACTIVITY;POST_2021_LISTING
NBF2,2021-09-01,2026-04-17,1561,True,90,80608.80,7956.50,9.82,False,known_mutual_fund,UNKNOWN,low,unclassified,False,SECTOR_UNVERIFIED
NABILD2089,2025-11-16,2026-04-17,107,False,56,80307.50,75.00,1061.00,True,,UNKNOWN,low,unclassified,False,SECTOR_UNVERIFIED;POST_2021_LISTING
H8020,2024-01-14,2026-04-17,814,False,89,79960.00,6600.00,11.55,True,,UNKNOWN,low,unclassified,False,SECTOR_UNVERIFIED;POST_2021_LISTING
RBBD2088,2025-08-04,2026-04-16,210,False,69,79000.00,75.00,1056.50,True,,UNKNOWN,low,unclassified,False,SECTOR_UNVERIFIED;POST_2021_LISTING
SIGS2,2021-09-01,2026-04-17,1477,True,87,78468.00,7800.00,9.88,False,known_mutual_fund,UNKNOWN,low,unclassified,False,SECTOR_UNVERIFIED
SFMF,2021-09-01,2026-04-17,1493,True,69,77555.78,7662.00,10.26,False,known_mutual_fund,UNKNOWN,low,unclassified,False,SECTOR_UNVERIFIED
GBILD84/85,2024-06-25,2026-04-15,374,False,48,75700.00,65.00,1170.50,True,,UNKNOWN,low,unclassified,False,SECTOR_UNVERIFIED;POST_2021_LISTING
NMBHF2,2025-04-21,2026-04-17,353,False,88,72428.40,7625.00,9.55,True,,UNKNOWN,low,unclassified,False,SECTOR_UNVERIFIED;POST_2021_LISTING
CMF2,2021-09-01,2026-04-17,1513,True,89,70399.76,7036.00,10.16,False,known_mutual_fund,UNKNOWN,low,unclassified,False,SECTOR_UNVERIFIED
SBLD2091,2025-09-23,2026-04-13,168,False,70,69878.00,65.00,1075.00,True,,UNKNOWN,low,unclassified,False,SECTOR_UNVERIFIED;POST_2021_LISTING
SBID89,2024-01-03,2026-04-15,464,False,34,66692.50,57.00,1165.00,False,debenture_pattern,UNKNOWN,low,unclassified,False,SECTOR_UNVERIFIED
NBLD85,2021-12-14,2026-04-17,741,False,8,65658.15,62.00,1055.50,False,debenture_pattern,UNKNOWN,low,unclassified,False,SECTOR_UNVERIFIED
MLBLD89,2024-04-29,2026-03-29,200,False,17,64745.00,50.00,1246.00,False,debenture_pattern,UNKNOWN,low,unclassified,False,SECTOR_UNVERIFIED
ADBLD83,2021-09-01,2026-04-16,697,True,42,64586.00,60.00,1051.20,False,debenture_pattern,UNKNOWN,low,unclassified,False,SECTOR_UNVERIFIED
EBLD85,2023-12-10,2026-04-16,542,False,50,62816.00,53.00,1173.50,False,debenture_pattern,UNKNOWN,low,unclassified,False,SECTOR_UNVERIFIED
KBLD86,2021-11-24,2026-04-16,351,False,5,62764.10,49.00,1280.00,False,debenture_pattern,UNKNOWN,low,unclassified,False,SECTOR_UNVERIFIED
KSBBLD87,2024-02-27,2026-04-16,391,False,23,62150.00,55.00,1140.00,False,debenture_pattern,UNKNOWN,low,unclassified,False,SECTOR_UNVERIFIED
LVF2,2023-09-21,2026-04-17,925,False,89,61145.00,6100.00,9.70,True,,UNKNOWN,low,unclassified,False,SECTOR_UNVERIFIED;POST_2021_LISTING
NCCD86,2021-09-01,2026-04-01,448,True,21,60954.00,54.00,1120.00,False,debenture_pattern,UNKNOWN,low,unclassified,False,SECTOR_UNVERIFIED
CBLD88,2022-07-18,2026-04-17,905,False,37,60837.50,50.00,1192.00,False,debenture_pattern,UNKNOWN,low,unclassified,False,SECTOR_UNVERIFIED
PBD88,2022-08-18,2026-04-17,1087,False,77,60500.00,50.00,1195.10,False,debenture_pattern,UNKNOWN,low,unclassified,False,SECTOR_UNVERIFIED
CIZBD90,2024-04-30,2026-04-17,338,False,32,60025.00,50.00,1214.00,False,debenture_pattern,UNKNOWN,low,unclassified,False,SECTOR_UNVERIFIED
SDBD87,2021-11-08,2026-04-17,700,False,44,57200.00,50.00,1135.20,False,debenture_pattern,UNKNOWN,low,unclassified,False,SECTOR_UNVERIFIED
SBIBD86,2021-09-01,2026-04-04,321,True,16,56350.00,50.00,1127.00,False,debenture_pattern,UNKNOWN,low,unclassified,False,SECTOR_UNVERIFIED
PBLD84,2021-11-03,2026-04-09,594,False,26,55600.00,50.00,1112.00,False,debenture_pattern,UNKNOWN,low,unclassified,False,SECTOR_UNVERIFIED
MBLD87,2023-11-08,2026-04-10,300,False,22,55082.50,50.00,1087.10,False,debenture_pattern,UNKNOWN,low,unclassified,False,SECTOR_UNVERIFIED
EBLD86,2022-09-27,2026-04-15,784,False,20,54950.00,50.00,1087.50,False,debenture_pattern,UNKNOWN,low,unclassified,False,SECTOR_UNVERIFIED
HBLD83,2021-09-01,2026-04-15,196,True,22,54693.25,53.00,1032.00,False,debenture_pattern,UNKNOWN,low,unclassified,False,SECTOR_UNVERIFIED
C30MF,2023-08-14,2026-04-17,933,False,85,54530.00,5455.00,9.82,True,,UNKNOWN,low,unclassified,False,SECTOR_UNVERIFIED;POST_2021_LISTING
GBILD86/87,2022-04-17,2026-04-15,668,False,29,54505.00,50.00,1085.00,True,,UNKNOWN,low,unclassified,False,SECTOR_UNVERIFIED;LOW_ACTIVITY;POST_2021_LISTING
GBBD85,2022-07-22,2026-04-17,979,False,76,54220.00,50.00,1073.10,False,debenture_pattern,UNKNOWN,low,unclassified,False,SECTOR_UNVERIFIED
NBLD87,2022-04-24,2026-04-16,799,False,44,54212.50,50.00,1092.25,False,debenture_pattern,UNKNOWN,low,unclassified,False,SECTOR_UNVERIFIED
PBD85,2021-11-03,2026-04-13,629,False,14,53635.00,50.00,1102.70,False,debenture_pattern,UNKNOWN,low,unclassified,False,SECTOR_UNVERIFIED
NBLD82,2021-11-08,2026-04-08,295,False,21,53000.00,50.00,1062.00,False,debenture_pattern,UNKNOWN,low,unclassified,False,SECTOR_UNVERIFIED
NIFRAGED,2025-07-15,2026-04-17,225,False,62,51420.00,50.00,1030.00,True,,UNKNOWN,low,unclassified,False,SECTOR_UNVERIFIED;POST_2021_LISTING
NIBD2082,2021-11-08,2026-04-15,454,False,31,50875.00,50.00,1020.00,True,,UNKNOWN,low,unclassified,False,SECTOR_UNVERIFIED;POST_2021_LISTING
JBBD87,2023-12-18,2026-04-16,432,False,26,50351.25,45.00,1135.00,False,debenture_pattern,UNKNOWN,low,unclassified,False,SECTOR_UNVERIFIED
SRBLD83,2021-09-01,2026-04-05,346,True,16,47330.00,45.00,1049.50,False,debenture_pattern,UNKNOWN,low,unclassified,False,SECTOR_UNVERIFIED
RMF2,2023-07-30,2026-04-17,910,False,89,46451.50,4650.00,10.00,True,,UNKNOWN,low,unclassified,False,SECTOR_UNVERIFIED;POST_2021_LISTING
NICFC,2022-09-12,2026-04-17,1277,False,90,46191.75,4845.00,9.30,True,,UNKNOWN,low,unclassified,False,SECTOR_UNVERIFIED;POST_2021_LISTING
CCBD88,2022-07-27,2026-04-15,723,False,45,46161.80,38.00,1213.00,False,debenture_pattern,UNKNOWN,low,unclassified,False,SECTOR_UNVERIFIED
NICAD85/86,2024-05-09,2026-04-15,286,False,37,45000.00,40.00,1130.10,True,,UNKNOWN,low,unclassified,False,SECTOR_UNVERIFIED;POST_2021_LISTING
SIGS3,2024-01-04,2026-04-17,773,False,89,44660.00,4400.00,10.30,True,,UNKNOWN,low,unclassified,False,SECTOR_UNVERIFIED;POST_2021_LISTING
NMB50,2021-09-01,2026-04-17,1519,True,86,43407.45,4164.00,10.43,False,known_mutual_fund,UNKNOWN,low,unclassified,False,SECTOR_UNVERIFIED
EBLEB89,2025-04-01,2026-04-01,179,False,34,42249.00,40.00,1072.50,True,,UNKNOWN,low,unclassified,False,SECTOR_UNVERIFIED;POST_2021_LISTING
NICGF2,2024-02-11,2026-04-17,786,False,89,40610.40,4310.00,9.30,True,,UNKNOWN,low,unclassified,False,SECTOR_UNVERIFIED;POST_2021_LISTING
BOKD86,2022-02-06,2026-04-09,638,False,26,40577.50,37.50,1090.00,False,debenture_pattern,UNKNOWN,low,unclassified,False,SECTOR_UNVERIFIED
SBD87,2021-09-01,2026-04-17,620,True,32,38540.00,35.00,1095.00,False,debenture_pattern,UNKNOWN,low,unclassified,False,SECTOR_UNVERIFIED
GWFD83,2021-11-09,2026-04-15,685,False,38,38333.75,34.50,1119.50,False,debenture_pattern,UNKNOWN,low,unclassified,False,SECTOR_UNVERIFIED
RBBF40,2026-01-18,2026-04-17,84,False,84,37753.00,4000.00,9.51,True,,UNKNOWN,low,unclassified,False,SECTOR_UNVERIFIED;POST_2021_LISTING
SAGF,2023-03-15,2026-04-17,1093,False,89,35088.00,3600.00,10.00,True,,UNKNOWN,low,unclassified,False,SECTOR_UNVERIFIED;POST_2021_LISTING
PBLD87,2022-11-30,2026-04-16,405,False,34,33326.00,30.00,1100.00,False,debenture_pattern,UNKNOWN,low,unclassified,False,SECTOR_UNVERIFIED
KBLD89,2023-12-18,2026-04-17,295,False,27,33125.00,25.00,1270.00,False,debenture_pattern,UNKNOWN,low,unclassified,False,SECTOR_UNVERIFIED
SBLD89,2024-04-03,2026-04-15,217,False,17,31642.50,25.00,1265.00,False,debenture_pattern,UNKNOWN,low,unclassified,False,SECTOR_UNVERIFIED
HBLD86,2023-12-18,2026-04-16,274,False,24,31577.50,27.50,1147.50,False,debenture_pattern,UNKNOWN,low,unclassified,False,SECTOR_UNVERIFIED
KSY,2024-05-05,2026-04-17,695,False,89,30787.00,3200.00,9.58,True,,UNKNOWN,low,unclassified,False,SECTOR_UNVERIFIED;POST_2021_LISTING
NIMBD90,2024-03-31,2026-04-17,377,False,32,30762.50,25.00,1227.00,False,debenture_pattern,UNKNOWN,low,unclassified,False,SECTOR_UNVERIFIED
SCBD,2024-05-05,2026-04-15,253,False,16,29750.00,25.00,1172.05,True,,UNKNOWN,low,unclassified,False,SECTOR_UNVERIFIED;LOW_ACTIVITY;POST_2021_LISTING
NABILD87,2024-03-31,2026-04-15,299,False,15,29400.00,25.00,1142.10,False,debenture_pattern,UNKNOWN,low,unclassified,False,SECTOR_UNVERIFIED
CIZBD86,2023-07-10,2026-04-17,168,False,13,29025.00,25.00,1161.00,False,debenture_pattern,UNKNOWN,low,unclassified,False,SECTOR_UNVERIFIED
MBLD2085,2021-11-15,2026-03-18,200,False,34,29000.00,25.00,1150.00,True,,UNKNOWN,low,unclassified,False,SECTOR_UNVERIFIED;POST_2021_LISTING
LBLD88,2021-11-15,2026-04-07,269,False,13,28500.00,25.00,1140.00,False,debenture_pattern,UNKNOWN,low,unclassified,False,SECTOR_UNVERIFIED
SAND2085,2021-09-01,2026-04-06,272,True,19,28250.00,25.00,1123.00,True,,UNKNOWN,low,unclassified,False,SECTOR_UNVERIFIED;LOW_ACTIVITY
NICD88,2024-05-21,2026-04-17,324,False,30,27162.50,25.00,1085.10,False,debenture_pattern,UNKNOWN,low,unclassified,False,SECTOR_UNVERIFIED
NIBD84,2021-11-24,2026-04-16,751,False,35,27150.00,25.00,1057.00,False,debenture_pattern,UNKNOWN,low,unclassified,False,SECTOR_UNVERIFIED
SBLD84,2021-09-01,2026-04-09,383,True,17,26142.50,25.00,1066.90,False,debenture_pattern,UNKNOWN,low,unclassified,False,SECTOR_UNVERIFIED
LUK,2021-09-01,2026-04-17,1561,True,89,25935.00,2600.00,9.85,False,known_mutual_fund,UNKNOWN,low,unclassified,False,SECTOR_UNVERIFIED
RBBD83,2023-12-20,2026-04-16,268,False,34,25882.50,25.00,1037.45,False,debenture_pattern,UNKNOWN,low,unclassified,False,SECTOR_UNVERIFIED
HLICF,2025-11-05,2026-04-17,159,False,89,23342.00,2500.00,9.38,True,,UNKNOWN,low,unclassified,False,SECTOR_UNVERIFIED;POST_2021_LISTING
GBIMESY2,2025-08-28,2026-04-17,225,False,89,22503.00,2430.00,9.34,True,,UNKNOWN,low,unclassified,False,SECTOR_UNVERIFIED;POST_2021_LISTING
LBLD86,2021-11-14,2026-04-05,146,False,4,14263.00,12.50,1128.00,False,debenture_pattern,UNKNOWN,low,unclassified,False,SECTOR_UNVERIFIED
SBD89,2024-06-25,2026-04-08,129,False,11,12300.00,10.00,1230.00,False,debenture_pattern,UNKNOWN,low,unclassified,False,SECTOR_UNVERIFIED
NLO,2022-03-06,2026-04-07,78,False,6,2591.00,10.00,259.10,True,,UNKNOWN,low,unclassified,False,SECTOR_UNVERIFIED;LOW_ACTIVITY;POST_2021_LISTING
ACLBSLP,2023-02-16,2025-08-18,7,False,0,0.00,0.00,0.00,True,,UNKNOWN,low,unclassified,False,SECTOR_UNVERIFIED;LOW_ACTIVITY;POST_2021_LISTING
ADLB,2022-07-22,2023-06-17,200,False,0,0.00,0.00,0.00,True,,UNKNOWN,low,unclassified,False,SECTOR_UNVERIFIED;LOW_ACTIVITY;POST_2021_LISTING
AIL,2021-09-01,2023-05-27,404,True,0,0.00,0.00,0.00,True,,UNKNOWN,low,unclassified,False,SECTOR_UNVERIFIED;LOW_ACTIVITY
AKBSL,2022-06-10,2023-03-13,100,False,0,0.00,0.00,0.00,True,,MICROFINANCE,medium,pattern:BSL$,False,SECTOR_UNVERIFIED;LOW_ACTIVITY;POST_2021_LISTING
ALBSLP,2022-05-04,2025-08-25,23,False,0,0.00,0.00,0.00,True,,UNKNOWN,low,unclassified,False,SECTOR_UNVERIFIED;LOW_ACTIVITY;POST_2021_LISTING
ALICLP,2021-11-30,2025-01-07,22,False,0,0.00,0.00,0.00,True,,UNKNOWN,low,unclassified,False,SECTOR_UNVERIFIED;LOW_ACTIVITY;POST_2021_LISTING
BFCPO,2022-04-19,2025-08-11,24,False,0,0.00,0.00,0.00,False,promoter_share,UNKNOWN,low,unclassified,False,SECTOR_UNVERIFIED
BOKL,2021-09-01,2023-01-08,257,True,0,0.00,0.00,0.00,True,,UNKNOWN,low,unclassified,False,SECTOR_UNVERIFIED;LOW_ACTIVITY
BOKLPO,2022-04-11,2022-06-13,3,False,0,0.00,0.00,0.00,False,promoter_share,UNKNOWN,low,unclassified,False,SECTOR_UNVERIFIED
BPW,2023-05-04,2024-03-06,299,False,0,0.00,0.00,0.00,True,,UNKNOWN,low,unclassified,False,SECTOR_UNVERIFIED;LOW_ACTIVITY;POST_2021_LISTING
CBL,2021-09-01,2023-02-25,336,True,0,0.00,0.00,0.00,True,,UNKNOWN,low,unclassified,False,SECTOR_UNVERIFIED;LOW_ACTIVITY
CBLPO,2021-11-23,2023-02-22,11,False,0,0.00,0.00,0.00,False,promoter_share,UNKNOWN,low,unclassified,False,SECTOR_UNVERIFIED
CCBL,2021-09-01,2023-01-09,302,True,0,0.00,0.00,0.00,True,,UNKNOWN,low,unclassified,False,SECTOR_UNVERIFIED;LOW_ACTIVITY
CCBLPO,2021-11-03,2022-12-14,22,False,0,0.00,0.00,0.00,False,promoter_share,UNKNOWN,low,unclassified,False,SECTOR_UNVERIFIED
CFCLPO,2023-11-08,2023-11-08,1,False,0,0.00,0.00,0.00,False,promoter_share,UNKNOWN,low,unclassified,False,SECTOR_UNVERIFIED
CITPO,2023-12-05,2023-12-05,1,False,0,0.00,0.00,0.00,False,promoter_share,UNKNOWN,low,unclassified,False,SECTOR_UNVERIFIED
CLBSL,2021-09-01,2023-07-22,601,True,0,0.00,0.00,0.00,True,,MICROFINANCE,medium,pattern:LBSL?$,False,SECTOR_UNVERIFIED;LOW_ACTIVITY
CLBSLP,2022-07-17,2022-07-17,1,False,0,0.00,0.00,0.00,True,,UNKNOWN,low,unclassified,False,SECTOR_UNVERIFIED;LOW_ACTIVITY;POST_2021_LISTING
CMF1,2021-09-01,2025-03-01,1163,True,0,0.00,0.00,0.00,True,,UNKNOWN,low,unclassified,False,SECTOR_UNVERIFIED;LOW_ACTIVITY
DDBLPO,2023-07-13,2023-07-15,3,False,0,0.00,0.00,0.00,False,promoter_share,UNKNOWN,low,unclassified,False,SECTOR_UNVERIFIED
EBLCP,2021-11-22,2022-08-25,33,False,0,0.00,0.00,0.00,True,,UNKNOWN,low,unclassified,False,SECTOR_UNVERIFIED;LOW_ACTIVITY;POST_2021_LISTING
EDBLPO,2021-09-01,2025-02-12,12,True,0,0.00,0.00,0.00,False,promoter_share,UNKNOWN,low,unclassified,False,SECTOR_UNVERIFIED
EIC,2021-09-01,2022-05-07,185,True,0,0.00,0.00,0.00,True,,UNKNOWN,low,unclassified,False,SECTOR_UNVERIFIED;LOW_ACTIVITY
EICPO,2021-09-01,2022-05-08,169,True,0,0.00,0.00,0.00,False,promoter_share,UNKNOWN,low,unclassified,False,SECTOR_UNVERIFIED
FMDBLP,2021-11-18,2025-08-12,14,False,0,0.00,0.00,0.00,True,,UNKNOWN,low,unclassified,False,SECTOR_UNVERIFIED;LOW_ACTIVITY;POST_2021_LISTING
GBD80/81,2021-09-01,2024-04-09,284,True,0,0.00,0.00,0.00,True,,UNKNOWN,low,unclassified,False,SECTOR_UNVERIFIED;LOW_ACTIVITY
GBLBSP,2022-02-16,2023-06-18,3,False,0,0.00,0.00,0.00,True,,UNKNOWN,low,unclassified,False,SECTOR_UNVERIFIED;LOW_ACTIVITY;POST_2021_LISTING
GFCLPO,2022-04-24,2022-04-24,1,False,0,0.00,0.00,0.00,False,promoter_share,UNKNOWN,low,unclassified,False,SECTOR_UNVERIFIED
GIC,2021-09-01,2022-07-13,241,True,0,0.00,0.00,0.00,True,,UNKNOWN,low,unclassified,False,SECTOR_UNVERIFIED;LOW_ACTIVITY
GILBPO,2023-02-20,2025-04-12,6,False,0,0.00,0.00,0.00,False,promoter_share,UNKNOWN,low,unclassified,False,SECTOR_UNVERIFIED
GIMES1,2021-09-01,2023-03-25,496,True,0,0.00,0.00,0.00,True,,UNKNOWN,low,unclassified,False,SECTOR_UNVERIFIED;LOW_ACTIVITY
GLICL,2021-09-01,2023-05-08,278,True,0,0.00,0.00,0.00,True,,UNKNOWN,low,unclassified,False,SECTOR_UNVERIFIED;LOW_ACTIVITY
GLICLP,2021-11-03,2022-03-19,10,False,0,0.00,0.00,0.00,True,,UNKNOWN,low,unclassified,False,SECTOR_UNVERIFIED;LOW_ACTIVITY;POST_2021_LISTING
GMFILP,2021-12-29,2025-05-21,10,False,0,0.00,0.00,0.00,True,,UNKNOWN,low,unclassified,False,SECTOR_UNVERIFIED;LOW_ACTIVITY;POST_2021_LISTING
GRDBLP,2022-01-06,2024-07-08,16,False,0,0.00,0.00,0.00,True,,UNKNOWN,low,unclassified,False,SECTOR_UNVERIFIED;LOW_ACTIVITY;POST_2021_LISTING
GUFLPO,2022-04-25,2025-04-21,17,False,0,0.00,0.00,0.00,False,promoter_share,UNKNOWN,low,unclassified,False,SECTOR_UNVERIFIED
HBLPO,2023-11-06,2025-12-31,51,False,0,0.00,0.00,0.00,False,promoter_share,UNKNOWN,low,unclassified,False,SECTOR_UNVERIFIED
HEIPO,2022-08-30,2022-09-01,3,False,0,0.00,0.00,0.00,False,promoter_share,UNKNOWN,low,unclassified,False,SECTOR_UNVERIFIED
HGI,2021-09-01,2022-05-07,185,True,0,0.00,0.00,0.00,True,,UNKNOWN,low,unclassified,False,SECTOR_UNVERIFIED;LOW_ACTIVITY
HLIPO,2023-08-29,2025-07-16,23,False,0,0.00,0.00,0.00,False,promoter_share,UNKNOWN,low,unclassified,False,SECTOR_UNVERIFIED
ICFCPO,2022-03-06,2025-08-26,15,False,0,0.00,0.00,0.00,False,promoter_share,UNKNOWN,low,unclassified,False,SECTOR_UNVERIFIED
IGIPO,2022-05-04,2025-05-26,8,False,0,0.00,0.00,0.00,False,promoter_share,UNKNOWN,low,unclassified,False,SECTOR_UNVERIFIED
ILBSP,2022-09-14,2025-12-31,55,False,0,0.00,0.00,0.00,True,,UNKNOWN,low,unclassified,False,SECTOR_UNVERIFIED;LOW_ACTIVITY;POST_2021_LISTING
JALPA,2022-03-14,2024-07-10,823,False,0,0.00,0.00,0.00,True,,UNKNOWN,low,unclassified,False,SECTOR_UNVERIFIED;LOW_ACTIVITY;POST_2021_LISTING
JFLPO,2021-11-03,2024-09-10,23,False,0,0.00,0.00,0.00,False,promoter_share,UNKNOWN,low,unclassified,False,SECTOR_UNVERIFIED
JLI,2021-09-01,2022-06-23,232,True,0,0.00,0.00,0.00,True,,UNKNOWN,low,unclassified,False,SECTOR_UNVERIFIED;LOW_ACTIVITY
JSLBBP,2024-04-02,2025-11-09,5,False,0,0.00,0.00,0.00,True,,UNKNOWN,low,unclassified,False,SECTOR_UNVERIFIED;LOW_ACTIVITY;POST_2021_LISTING
KLBS,2022-11-16,2023-07-04,204,False,0,0.00,0.00,0.00,True,,MICROFINANCE,medium,pattern:LBSL?$,False,SECTOR_UNVERIFIED;LOW_ACTIVITY;POST_2021_LISTING
KLBSL,2021-09-01,2024-07-10,941,True,0,0.00,0.00,0.00,True,,MICROFINANCE,medium,pattern:LBSL?$,False,SECTOR_UNVERIFIED;LOW_ACTIVITY
KLBSLP,2021-12-13,2024-06-30,35,False,0,0.00,0.00,0.00,True,,UNKNOWN,low,unclassified,False,SECTOR_UNVERIFIED;LOW_ACTIVITY;POST_2021_LISTING
KMCDBP,2021-11-03,2025-12-21,27,False,0,0.00,0.00,0.00,True,,UNKNOWN,low,unclassified,False,SECTOR_UNVERIFIED;LOW_ACTIVITY;POST_2021_LISTING
KRBL,2021-09-01,2024-12-25,1122,True,0,0.00,0.00,0.00,True,,UNKNOWN,low,unclassified,False,SECTOR_UNVERIFIED;LOW_ACTIVITY
KRBLPO,2022-04-05,2022-04-05,1,False,0,0.00,0.00,0.00,False,promoter_share,UNKNOWN,low,unclassified,False,SECTOR_UNVERIFIED
LBBLPO,2021-11-03,2026-01-06,24,False,0,0.00,0.00,0.00,False,promoter_share,UNKNOWN,low,unclassified,False,SECTOR_UNVERIFIED
LBL,2021-09-01,2023-07-15,594,True,0,0.00,0.00,0.00,True,,UNKNOWN,low,unclassified,False,SECTOR_UNVERIFIED;LOW_ACTIVITY
LBLPO,2021-12-09,2023-06-05,5,False,0,0.00,0.00,0.00,False,promoter_share,UNKNOWN,low,unclassified,False,SECTOR_UNVERIFIED
LEMF,2021-09-01,2024-06-09,853,True,0,0.00,0.00,0.00,True,,UNKNOWN,low,unclassified,False,SECTOR_UNVERIFIED;LOW_ACTIVITY
LGIL,2021-09-01,2023-03-12,287,True,0,0.00,0.00,0.00,True,,UNKNOWN,low,unclassified,False,SECTOR_UNVERIFIED;LOW_ACTIVITY
LSLPO,2023-08-29,2025-11-18,60,False,0,0.00,0.00,0.00,False,promoter_share,UNKNOWN,low,unclassified,False,SECTOR_UNVERIFIED
MBLPO,2022-04-24,2025-04-14,28,False,0,0.00,0.00,0.00,False,promoter_share,UNKNOWN,low,unclassified,False,SECTOR_UNVERIFIED
MDBPO,2022-01-16,2025-08-10,28,False,0,0.00,0.00,0.00,False,promoter_share,UNKNOWN,low,unclassified,False,SECTOR_UNVERIFIED
MEGA,2021-09-01,2023-01-11,272,True,0,0.00,0.00,0.00,True,,UNKNOWN,low,unclassified,False,SECTOR_UNVERIFIED;LOW_ACTIVITY
MEGAPO,2021-11-14,2023-01-11,68,False,0,0.00,0.00,0.00,False,promoter_share,UNKNOWN,low,unclassified,False,SECTOR_UNVERIFIED
MEROPO,2021-11-21,2023-07-11,16,False,0,0.00,0.00,0.00,False,promoter_share,UNKNOWN,low,unclassified,False,SECTOR_UNVERIFIED
MFILPO,2021-12-22,2024-06-23,5,False,0,0.00,0.00,0.00,False,promoter_share,UNKNOWN,low,unclassified,False,SECTOR_UNVERIFIED
MKLB,2021-09-01,2024-07-07,950,True,0,0.00,0.00,0.00,True,,UNKNOWN,low,unclassified,False,SECTOR_UNVERIFIED;LOW_ACTIVITY
MLBBLP,2023-02-16,2025-04-08,5,False,0,0.00,0.00,0.00,True,,UNKNOWN,low,unclassified,False,SECTOR_UNVERIFIED;LOW_ACTIVITY;POST_2021_LISTING
MMFDB,2021-09-01,2024-03-12,834,True,0,0.00,0.00,0.00,True,,UNKNOWN,low,unclassified,False,SECTOR_UNVERIFIED;LOW_ACTIVITY
MMFDBP,2021-12-26,2024-03-12,17,False,0,0.00,0.00,0.00,True,,UNKNOWN,low,unclassified,False,SECTOR_UNVERIFIED;LOW_ACTIVITY;POST_2021_LISTING
MPFLPO,2022-06-15,2025-06-23,8,False,0,0.00,0.00,0.00,False,promoter_share,UNKNOWN,low,unclassified,False,SECTOR_UNVERIFIED
NABBCP,2022-03-10,2024-12-21,29,False,0,0.00,0.00,0.00,True,,UNKNOWN,low,unclassified,False,SECTOR_UNVERIFIED;LOW_ACTIVITY;POST_2021_LISTING
NADEPP,2023-08-28,2023-08-28,1,False,0,0.00,0.00,0.00,True,,UNKNOWN,low,unclassified,False,SECTOR_UNVERIFIED;LOW_ACTIVITY;POST_2021_LISTING
NBB,2021-09-01,2022-01-15,74,True,0,0.00,0.00,0.00,True,,UNKNOWN,low,unclassified,False,SECTOR_UNVERIFIED;LOW_ACTIVITY
NCCB,2021-09-01,2022-12-31,349,True,0,0.00,0.00,0.00,True,,UNKNOWN,low,unclassified,False,SECTOR_UNVERIFIED;LOW_ACTIVITY
NCCBPO,2021-09-01,2022-12-17,34,True,0,0.00,0.00,0.00,False,promoter_share,UNKNOWN,low,unclassified,False,SECTOR_UNVERIFIED
NEF,2021-09-01,2023-11-01,680,True,0,0.00,0.00,0.00,True,,UNKNOWN,low,unclassified,False,SECTOR_UNVERIFIED;LOW_ACTIVITY
NFSPO,2022-01-06,2024-08-26,6,False,0,0.00,0.00,0.00,False,promoter_share,UNKNOWN,low,unclassified,False,SECTOR_UNVERIFIED
NIB,2022-05-30,2023-01-11,65,False,0,0.00,0.00,0.00,True,,UNKNOWN,low,unclassified,False,SECTOR_UNVERIFIED;LOW_ACTIVITY;POST_2021_LISTING
NIBLPF,2021-09-01,2024-01-08,737,True,0,0.00,0.00,0.00,True,,UNKNOWN,low,unclassified,False,SECTOR_UNVERIFIED;LOW_ACTIVITY
NIBPO,2022-05-30,2023-01-11,63,False,0,0.00,0.00,0.00,False,promoter_share,UNKNOWN,low,unclassified,False,SECTOR_UNVERIFIED
NIBSF1,2021-09-01,2022-01-08,67,True,0,0.00,0.00,0.00,True,,UNKNOWN,low,unclassified,False,SECTOR_UNVERIFIED;LOW_ACTIVITY
NICAD 85/86,2024-05-07,2024-05-08,2,False,0,0.00,0.00,0.00,True,,UNKNOWN,low,unclassified,False,SECTOR_UNVERIFIED;LOW_ACTIVITY;POST_2021_LISTING
NICAD8182,2021-11-03,2025-01-08,183,False,0,0.00,0.00,0.00,True,,UNKNOWN,low,unclassified,False,SECTOR_UNVERIFIED;LOW_ACTIVITY;POST_2021_LISTING
NICAD8283,2021-09-01,2025-09-17,635,True,0,0.00,0.00,0.00,True,,UNKNOWN,low,unclassified,False,SECTOR_UNVERIFIED;LOW_ACTIVITY
NICAP,2022-04-27,2025-11-12,25,False,0,0.00,0.00,0.00,True,,UNKNOWN,low,unclassified,False,SECTOR_UNVERIFIED;LOW_ACTIVITY;POST_2021_LISTING
NICGF,2021-09-01,2025-03-09,1146,True,0,0.00,0.00,0.00,True,,UNKNOWN,low,unclassified,False,SECTOR_UNVERIFIED;LOW_ACTIVITY
NICLBSLP,2021-11-25,2022-10-12,29,False,0,0.00,0.00,0.00,True,,UNKNOWN,low,unclassified,False,SECTOR_UNVERIFIED;LOW_ACTIVITY;POST_2021_LISTING
NICLPO,2021-12-22,2025-02-10,34,False,0,0.00,0.00,0.00,False,promoter_share,UNKNOWN,low,unclassified,False,SECTOR_UNVERIFIED
NIFRAP,2024-06-02,2025-07-20,8,False,0,0.00,0.00,0.00,True,,UNKNOWN,low,unclassified,False,SECTOR_UNVERIFIED;LOW_ACTIVITY;POST_2021_LISTING
NIFRAUR85/86,2023-03-15,2025-12-15,206,False,0,0.00,0.00,0.00,True,,UNKNOWN,low,unclassified,False,SECTOR_UNVERIFIED;LOW_ACTIVITY;POST_2021_LISTING
NILPO,2024-06-23,2025-10-08,2,False,0,0.00,0.00,0.00,False,promoter_share,UNKNOWN,low,unclassified,False,SECTOR_UNVERIFIED
NLBBL,2021-09-01,2024-03-12,834,True,0,0.00,0.00,0.00,True,,MICROFINANCE,medium,pattern:LBBL?$,False,SECTOR_UNVERIFIED;LOW_ACTIVITY
NLBBLP,2022-04-21,2024-02-10,8,False,0,0.00,0.00,0.00,True,,UNKNOWN,low,unclassified,False,SECTOR_UNVERIFIED;LOW_ACTIVITY;POST_2021_LISTING
NMBHF1,2021-09-01,2023-10-15,641,True,0,0.00,0.00,0.00,True,,UNKNOWN,low,unclassified,False,SECTOR_UNVERIFIED;LOW_ACTIVITY
NMBPO,2021-11-15,2025-10-18,67,False,0,0.00,0.00,0.00,False,promoter_share,UNKNOWN,low,unclassified,False,SECTOR_UNVERIFIED
NMFBSP,2022-01-03,2026-01-04,52,False,0,0.00,0.00,0.00,True,,UNKNOWN,low,unclassified,False,SECTOR_UNVERIFIED;LOW_ACTIVITY;POST_2021_LISTING
NRICP,2023-12-07,2024-05-13,16,False,0,0.00,0.00,0.00,True,,UNKNOWN,low,unclassified,False,SECTOR_UNVERIFIED;LOW_ACTIVITY;POST_2021_LISTING
NSLB,2021-09-01,2023-07-15,589,True,0,0.00,0.00,0.00,True,,UNKNOWN,low,unclassified,False,SECTOR_UNVERIFIED;LOW_ACTIVITY
NSLBP,2022-04-05,2023-06-21,2,False,0,0.00,0.00,0.00,True,,UNKNOWN,low,unclassified,False,SECTOR_UNVERIFIED;LOW_ACTIVITY;POST_2021_LISTING
PFLPO,2022-07-29,2025-06-25,3,False,0,0.00,0.00,0.00,False,promoter_share,UNKNOWN,low,unclassified,False,SECTOR_UNVERIFIED
PIC,2021-09-01,2023-02-28,326,True,0,0.00,0.00,0.00,True,,UNKNOWN,low,unclassified,False,SECTOR_UNVERIFIED;LOW_ACTIVITY
PICL,2021-09-01,2023-05-09,527,True,0,0.00,0.00,0.00,True,,UNKNOWN,low,unclassified,False,SECTOR_UNVERIFIED;LOW_ACTIVITY
PICLPO,2021-11-25,2023-01-25,6,False,0,0.00,0.00,0.00,False,promoter_share,UNKNOWN,low,unclassified,False,SECTOR_UNVERIFIED
PICPO,2022-04-25,2022-05-10,2,False,0,0.00,0.00,0.00,False,promoter_share,UNKNOWN,low,unclassified,False,SECTOR_UNVERIFIED
PLI,2021-09-01,2023-07-15,428,True,0,0.00,0.00,0.00,True,,UNKNOWN,low,unclassified,False,SECTOR_UNVERIFIED;LOW_ACTIVITY
PLIC,2021-09-01,2023-05-08,278,True,0,0.00,0.00,0.00,True,,UNKNOWN,low,unclassified,False,SECTOR_UNVERIFIED;LOW_ACTIVITY
PLICPO,2021-12-26,2022-04-26,4,False,0,0.00,0.00,0.00,False,promoter_share,UNKNOWN,low,unclassified,False,SECTOR_UNVERIFIED
PRINPO,2021-11-22,2022-03-30,4,False,0,0.00,0.00,0.00,False,promoter_share,UNKNOWN,low,unclassified,False,SECTOR_UNVERIFIED
RHPC,2021-09-01,2021-11-07,5,True,0,0.00,0.00,0.00,True,,HYDROPOWER,medium,pattern:HPC$,False,SECTOR_UNVERIFIED;LOW_ACTIVITY
RLI,2021-09-01,2023-03-22,338,True,0,0.00,0.00,0.00,True,,UNKNOWN,low,unclassified,False,SECTOR_UNVERIFIED;LOW_ACTIVITY
RMDC,2021-09-01,2023-07-08,520,True,0,0.00,0.00,0.00,True,,UNKNOWN,low,unclassified,False,SECTOR_UNVERIFIED;LOW_ACTIVITY
RMDCPO,2022-05-05,2022-07-26,4,False,0,0.00,0.00,0.00,False,promoter_share,UNKNOWN,low,unclassified,False,SECTOR_UNVERIFIED
RRHP,2021-09-01,2021-11-07,5,True,0,0.00,0.00,0.00,True,,UNKNOWN,low,unclassified,False,SECTOR_UNVERIFIED;LOW_ACTIVITY
RSDCP,2022-09-29,2023-12-03,15,False,0,0.00,0.00,0.00,True,,UNKNOWN,low,unclassified,False,SECTOR_UNVERIFIED;LOW_ACTIVITY;POST_2021_LISTING
RULB,2022-03-13,2023-07-15,461,False,0,0.00,0.00,0.00,True,,UNKNOWN,low,unclassified,False,SECTOR_UNVERIFIED;LOW_ACTIVITY;POST_2021_LISTING
SABSL,2021-09-01,2024-07-13,956,True,0,0.00,0.00,0.00,True,,MICROFINANCE,medium,pattern:BSL$,False,SECTOR_UNVERIFIED;LOW_ACTIVITY
SABSLP,2023-02-09,2023-02-11,3,False,0,0.00,0.00,0.00,True,,UNKNOWN,low,unclassified,False,SECTOR_UNVERIFIED;LOW_ACTIVITY;POST_2021_LISTING
SADBLP,2021-11-18,2025-09-07,75,False,0,0.00,0.00,0.00,True,,UNKNOWN,low,unclassified,False,SECTOR_UNVERIFIED;LOW_ACTIVITY;POST_2021_LISTING
SAEF,2021-09-01,2024-12-22,1107,True,0,0.00,0.00,0.00,True,,UNKNOWN,low,unclassified,False,SECTOR_UNVERIFIED;LOW_ACTIVITY
SALICOPO,2024-02-22,2024-08-24,13,False,0,0.00,0.00,0.00,False,promoter_share,UNKNOWN,low,unclassified,False,SECTOR_UNVERIFIED
SAMAJ,2023-07-17,2025-10-18,739,False,0,0.00,0.00,0.00,True,,UNKNOWN,low,unclassified,False,SECTOR_UNVERIFIED;LOW_ACTIVITY;POST_2021_LISTING
SAPDBLP,2022-02-23,2025-07-28,15,False,0,0.00,0.00,0.00,True,,UNKNOWN,low,unclassified,False,SECTOR_UNVERIFIED;LOW_ACTIVITY;POST_2021_LISTING
SBBLPO,2022-03-02,2022-07-05,7,False,0,0.00,0.00,0.00,False,promoter_share,UNKNOWN,low,unclassified,False,SECTOR_UNVERIFIED
SBLD2082,2021-09-01,2026-01-06,314,True,0,0.00,0.00,0.00,True,,UNKNOWN,low,unclassified,False,SECTOR_UNVERIFIED;LOW_ACTIVITY
SBLPO,2021-11-15,2025-09-07,66,False,0,0.00,0.00,0.00,False,promoter_share,UNKNOWN,low,unclassified,False,SECTOR_UNVERIFIED
SDLBSL,2021-09-01,2024-07-13,956,True,0,0.00,0.00,0.00,True,,MICROFINANCE,medium,pattern:LBSL?$,False,SECTOR_UNVERIFIED;LOW_ACTIVITY
SDLBSLP,2023-10-09,2024-03-02,7,False,0,0.00,0.00,0.00,True,,UNKNOWN,low,unclassified,False,SECTOR_UNVERIFIED;LOW_ACTIVITY;POST_2021_LISTING
SGI,2021-09-01,2022-07-13,241,True,0,0.00,0.00,0.00,True,,UNKNOWN,low,unclassified,False,SECTOR_UNVERIFIED;LOW_ACTIVITY
SGICP,2025-01-27,2025-05-20,24,False,0,0.00,0.00,0.00,True,,UNKNOWN,low,unclassified,False,SECTOR_UNVERIFIED;LOW_ACTIVITY;POST_2021_LISTING
SHINEP,2021-09-01,2025-05-10,60,True,0,0.00,0.00,0.00,True,,UNKNOWN,low,unclassified,False,SECTOR_UNVERIFIED;LOW_ACTIVITY
SIC,2021-09-01,2023-03-12,287,True,0,0.00,0.00,0.00,True,,UNKNOWN,low,unclassified,False,SECTOR_UNVERIFIED;LOW_ACTIVITY
SICLPO,2022-01-30,2025-02-08,7,False,0,0.00,0.00,0.00,False,promoter_share,UNKNOWN,low,unclassified,False,SECTOR_UNVERIFIED
SICPO,2021-11-18,2021-11-20,3,False,0,0.00,0.00,0.00,False,promoter_share,UNKNOWN,low,unclassified,False,SECTOR_UNVERIFIED
SIFCPO,2023-01-25,2026-01-05,10,False,0,0.00,0.00,0.00,False,promoter_share,UNKNOWN,low,unclassified,False,SECTOR_UNVERIFIED
SIL,2021-09-01,2023-02-28,331,True,0,0.00,0.00,0.00,True,,UNKNOWN,low,unclassified,False,SECTOR_UNVERIFIED;LOW_ACTIVITY
SJLICP,2023-03-02,2025-01-06,8,False,0,0.00,0.00,0.00,True,,UNKNOWN,low,unclassified,False,SECTOR_UNVERIFIED;LOW_ACTIVITY;POST_2021_LISTING
SKBBLP,2023-10-04,2025-04-07,16,False,0,0.00,0.00,0.00,True,,UNKNOWN,low,unclassified,False,SECTOR_UNVERIFIED;LOW_ACTIVITY;POST_2021_LISTING
SLI,2021-11-03,2023-03-22,341,False,0,0.00,0.00,0.00,True,,UNKNOWN,low,unclassified,False,SECTOR_UNVERIFIED;LOW_ACTIVITY;POST_2021_LISTING
SLICL,2021-09-01,2022-06-23,232,True,0,0.00,0.00,0.00,True,,UNKNOWN,low,unclassified,False,SECTOR_UNVERIFIED;LOW_ACTIVITY
SLICLP,2021-12-01,2022-03-21,4,False,0,0.00,0.00,0.00,True,,UNKNOWN,low,unclassified,False,SECTOR_UNVERIFIED;LOW_ACTIVITY;POST_2021_LISTING
SMATAP,2022-06-21,2025-11-11,13,False,0,0.00,0.00,0.00,True,,UNKNOWN,low,unclassified,False,SECTOR_UNVERIFIED;LOW_ACTIVITY;POST_2021_LISTING
SMBPO,2022-04-13,2025-04-09,15,False,0,0.00,0.00,0.00,False,promoter_share,UNKNOWN,low,unclassified,False,SECTOR_UNVERIFIED
SMFBSP,2023-05-09,2023-05-09,1,False,0,0.00,0.00,0.00,True,,UNKNOWN,low,unclassified,False,SECTOR_UNVERIFIED;LOW_ACTIVITY;POST_2021_LISTING
SMFDB,2021-09-01,2023-07-15,533,True,0,0.00,0.00,0.00,True,,UNKNOWN,low,unclassified,False,SECTOR_UNVERIFIED;LOW_ACTIVITY
SMFDBP,2021-11-25,2023-04-26,27,False,0,0.00,0.00,0.00,True,,UNKNOWN,low,unclassified,False,SECTOR_UNVERIFIED;LOW_ACTIVITY;POST_2021_LISTING
SMPDAP,2025-02-17,2025-11-15,5,False,0,0.00,0.00,0.00,True,,UNKNOWN,low,unclassified,False,SECTOR_UNVERIFIED;LOW_ACTIVITY;POST_2021_LISTING
SPILPO,2024-02-20,2024-07-14,5,False,0,0.00,0.00,0.00,False,promoter_share,UNKNOWN,low,unclassified,False,SECTOR_UNVERIFIED
SRBL,2021-09-01,2023-07-15,594,True,0,0.00,0.00,0.00,True,,UNKNOWN,low,unclassified,False,SECTOR_UNVERIFIED;LOW_ACTIVITY
SRBLPO,2021-12-28,2022-07-21,4,False,0,0.00,0.00,0.00,False,promoter_share,UNKNOWN,low,unclassified,False,SECTOR_UNVERIFIED
SRD80,2021-11-08,2024-05-11,171,False,0,0.00,0.00,0.00,False,debenture_pattern,UNKNOWN,low,unclassified,False,SECTOR_UNVERIFIED
SWBBLP,2021-12-07,2024-08-06,9,False,0,0.00,0.00,0.00,True,,UNKNOWN,low,unclassified,False,SECTOR_UNVERIFIED;LOW_ACTIVITY;POST_2021_LISTING
UAILPO,2024-06-25,2025-10-14,5,False,0,0.00,0.00,0.00,False,promoter_share,UNKNOWN,low,unclassified,False,SECTOR_UNVERIFIED
UIC,2021-09-01,2023-05-27,545,True,0,0.00,0.00,0.00,True,,UNKNOWN,low,unclassified,False,SECTOR_UNVERIFIED;LOW_ACTIVITY
UICPO,2022-01-02,2022-04-19,2,False,0,0.00,0.00,0.00,False,promoter_share,UNKNOWN,low,unclassified,False,SECTOR_UNVERIFIED
ULI,2021-09-01,2023-05-08,278,True,0,0.00,0.00,0.00,True,,UNKNOWN,low,unclassified,False,SECTOR_UNVERIFIED;LOW_ACTIVITY
UNLBP,2024-10-02,2025-04-01,7,False,0,0.00,0.00,0.00,True,,UNKNOWN,low,unclassified,False,SECTOR_UNVERIFIED;LOW_ACTIVITY;POST_2021_LISTING
USLBP,2023-08-30,2023-09-02,4,False,0,0.00,0.00,0.00,True,,UNKNOWN,low,unclassified,False,SECTOR_UNVERIFIED;LOW_ACTIVITY;POST_2021_LISTING
VLBSPO,2022-10-10,2025-07-13,26,False,0,0.00,0.00,0.00,False,promoter_share,UNKNOWN,low,unclassified,False,SECTOR_UNVERIFIED
WNLBP,2025-05-08,2025-10-13,7,False,0,0.00,0.00,0.00,True,,UNKNOWN,low,unclassified,False,SECTOR_UNVERIFIED;LOW_ACTIVITY;POST_2021_LISTING
