hour_np,bars,volume,open,high,low,close
2025-04-24 14:00,1,10567,613,616.56,613,616.56
2025-04-27 11:00,56,352426,621,637,618.1,627
2025-04-27 12:00,58,199346,627,640,621.1,640
2025-04-27 13:00,55,162132,640,642,628,633.4
2025-04-27 14:00,55,178746,633.4,637.9,623,627.17
2025-04-28 11:00,56,226159,635,635,619.1,626
2025-04-28 12:00,54,118330,626,627,618,621.7
2025-04-28 13:00,59,255616,621.7,632,615,626
2025-04-28 14:00,54,124179,626,626,617,618.05
2025-04-29 11:00,59,160248,624,635,620.8,629.9
2025-04-29 12:00,59,320500,629.9,665,626.1,659
2025-04-29 13:00,57,75995,659,662.7,654.1,658.3
2025-04-29 14:00,57,163927,658.3,663,655,661.3
2025-04-30 11:00,59,520319,674.2,695,674.2,684
2025-04-30 12:00,52,61781,684,687.8,680,680
2025-04-30 13:00,49,117021,680,680,666.1,670
2025-04-30 14:00,58,170397,670,674.9,666,667.89
2025-05-04 11:00,59,207949,662,672.5,658,666
2025-05-04 12:00,56,124173,666,668.4,660.5,660.5
2025-05-04 13:00,55,145053,660.5,662.7,656.2,656.2
2025-05-04 14:00,59,303225,656.2,659,647,651.66
2025-05-05 11:00,59,522128,658.1,684,658.1,684
2025-05-05 12:00,59,207969,684,692,680,682
2025-05-05 13:00,57,188481,682,699,676.7,693.1
2025-05-05 14:00,57,196177,693.1,700,692.5,699.37
2025-05-06 11:00,56,145875,711,719,700,707
2025-05-06 12:00,49,93068,707,716,706,708
2025-05-06 13:00,54,161335,708,708.9,695.1,706
2025-05-06 14:00,59,141981,706,706,692.1,697.24
2025-05-07 11:00,55,151073,697,710,697,701.4
2025-05-07 12:00,50,99284,701.4,706,695.4,700
2025-05-07 13:00,57,223575,700,720,699.2,720
2025-05-07 14:00,52,134795,720,722,712,713.44
2025-05-08 11:00,57,193011,720,736,703,734.9
2025-05-08 12:00,51,56261,734.9,739,729,734.8
2025-05-08 13:00,43,55316,734.8,736,726.5,730
2025-05-08 14:00,58,299013,730,730,700,703.24
2025-05-11 11:00,60,305561,715,738.9,712.1,732.1
2025-05-11 12:00,59,255507,732.1,746,725,741.2
2025-05-11 13:00,55,117177,741.2,745,733,739.3
2025-05-11 14:00,57,221706,739.3,741.7,725.1,736.58
2025-05-13 11:00,59,208285,740,769,740,760
2025-05-13 12:00,57,89517,760,768,756,756
2025-05-13 13:00,55,96008,756,767.9,755,760
2025-05-13 14:00,51,217848,760,764,750,752.22
2025-05-14 11:00,56,168252,751.9,763,740,745
2025-05-14 12:00,60,252094,745,745,727.4,734
2025-05-14 13:00,57,168506,734,739,717.9,725
2025-05-14 14:00,59,222283,725,727,711,714.8
2025-05-15 11:00,60,183662,729,729,711.2,721
2025-05-15 12:00,58,139731,721,734,719.4,734
2025-05-15 13:00,53,87445,734,734,720.3,727
2025-05-15 14:00,53,202191,727,727.8,714,716.86
2025-05-18 11:00,56,134928,739,739,710.3,715
2025-05-18 12:00,54,100003,715,717.8,705,706.4
2025-05-18 13:00,60,210832,706.4,709,693,708.9
2025-05-18 14:00,55,242411,708.9,708.9,688,690.03
2025-05-19 11:00,58,180442,700,705,693.1,702.4
2025-05-19 12:00,60,334396,702.4,729.9,700,729.9
2025-05-19 13:00,54,120359,729.9,730,717,723
2025-05-19 14:00,58,201715,723,727,713,724.24
2025-05-20 11:00,53,124396,728,738,721.3,733
2025-05-20 12:00,48,122221,733,746.5,731,742
2025-05-20 13:00,52,124331,742,754,741,751
2025-05-20 14:00,59,191518,751,757,745,747.56
2025-05-21 11:00,60,265650,770,770,748,757
2025-05-21 12:00,54,308282,757,777,757,768.1
2025-05-21 13:00,55,133937,768.1,776,760.9,772
2025-05-21 14:00,60,217737,772,779,769,773.75
2025-05-22 11:00,58,178143,766,792,766,792
2025-05-22 12:00,54,186012,792,792,777,781
2025-05-22 13:00,57,172040,781,781,766,767.1
2025-05-22 14:00,58,247963,767.1,773.9,760.1,768.65
2025-05-25 11:00,59,225294,770.1,778.8,761,774.5
2025-05-25 12:00,54,242246,774.5,781.5,767.2,781.5
2025-05-25 13:00,58,113519,781.5,788.9,777,779.9
2025-05-25 14:00,60,336437,779.9,795.2,779,791.76
2025-05-26 11:00,59,218056,805.3,805.3,791,804
2025-05-26 12:00,59,282136,804,814.4,803,810
2025-05-26 13:00,58,109082,810,811,802,807
2025-05-26 14:00,59,190275,807,808,798,801.77
2025-05-27 11:00,59,177407,796,807.9,795,807
2025-05-27 12:00,50,86749,807,810,801.1,810
2025-05-27 13:00,48,78817,810,812,800.5,806
2025-05-27 14:00,54,249214,806,807,790.1,793.57
2025-05-28 11:00,55,163457,793.3,802.9,785,793
2025-05-28 12:00,56,136127,793,796.5,788.1,788.1
2025-05-28 13:00,59,176300,788.1,792,781.2,784
2025-05-28 14:00,58,287162,784,789,777,780.96
2025-06-02 11:00,53,166713,780,792,780,784.8
2025-06-02 12:00,59,158700,784.8,784.8,772,774.2
2025-06-02 13:00,50,292964,774.2,776.5,768,769
2025-06-02 14:00,59,220376,769,776,765.3,771.41
2025-06-03 11:00,43,283224,779.7,794,773.6,793.9
2025-06-03 12:00,47,155747,793.9,797,785.3,789.2
2025-06-03 13:00,46,146025,789.2,789.2,777,784
2025-06-03 14:00,56,180923,784,788,776.7,778.96
2025-06-04 11:00,50,101417,785,793.7,780,793.7
2025-06-04 12:00,46,70105,793.7,793.7,782,784.9
2025-06-04 13:00,44,80677,784.9,788.7,780,788
2025-06-04 14:00,53,127698,788,788.8,781.6,786.45
2025-06-05 11:00,50,189012,792,803,785,799.9
2025-06-05 12:00,60,401292,799.9,814.6,798,810
2025-06-05 13:00,58,262948,810,834,809.7,826
2025-06-05 14:00,59,265861,826,850,826,845.87
2025-06-08 11:00,60,316579,849.9,850,828.1,829
2025-06-08 12:00,56,155645,829,838.9,829,834
2025-06-08 13:00,55,101807,834,843,830.2,838
2025-06-08 14:00,60,300737,838,838,820.3,824.41
2025-06-09 11:00,55,177696,824.4,834.9,817,823
2025-06-09 12:00,52,141722,823,840,823,837.8
2025-06-09 13:00,54,179296,837.8,843,828,835
2025-06-09 14:00,56,251721,835,842,824.2,826.55
2025-06-10 11:00,55,112305,840,841.9,830,835
2025-06-10 12:00,48,92248,835,835,828,828
2025-06-10 13:00,49,129452,828,832,824,829
2025-06-10 14:00,55,227429,829,835,820.2,823.2
2025-06-11 11:00,50,114112,829.9,839,825.1,834
2025-06-11 12:00,58,301988,834,855,834,848
2025-06-11 13:00,57,168054,848,864.6,845,864.6
2025-06-11 14:00,57,143005,864.6,864.6,843.6,844.45
2025-06-12 11:00,55,119244,861.3,861.3,850.1,857
2025-06-12 12:00,58,128269,857,864.9,856.7,864.9
2025-06-12 13:00,54,140276,864.9,864.9,855,855
2025-06-12 14:00,58,250246,855,855,838,840.59
2025-06-15 11:00,57,164665,846,865,846,857
2025-06-15 12:00,54,129744,857,857.5,840.1,847
2025-06-15 13:00,42,46381,847,852.8,843.2,849
2025-06-15 14:00,59,259543,849,850,829,831.1
2025-06-16 11:00,54,93665,840,840,829,833.8
2025-06-16 12:00,56,188141,833.8,833.8,818,823
2025-06-16 13:00,53,163969,823,823,814,814
2025-06-16 14:00,57,214598,814,823,803.5,805.88
2025-06-17 11:00,55,121566,806,822,806,812
2025-06-17 12:00,50,88483,812,826.2,812,820
2025-06-17 13:00,49,90139,820,826.1,816,817
2025-06-17 14:00,55,164332,817,836,815,829.78
2025-06-18 11:00,58,100706,832,850,832,844.9
2025-06-18 12:00,50,106517,844.9,854,842,850.2
2025-06-18 13:00,40,44123,850.2,850.2,843.3,849
2025-06-18 14:00,53,101076,849,849,830.1,835.89
2025-06-19 11:00,49,68479,840,845,828,829
2025-06-19 12:00,49,106783,829,829.5,821.2,823.9
2025-06-19 13:00,55,109332,823.9,824,814,814
2025-06-19 14:00,58,146769,814,817.9,811.1,812.92
2025-06-22 11:00,56,203019,820,829,808,818.1
2025-06-22 12:00,58,121873,818.1,819,803,807.8
2025-06-22 13:00,47,461182,807.8,808,790,794
2025-06-22 14:00,55,171818,794,799.6,784.2,786.95
2025-06-23 11:00,54,119413,802.6,809,785,790.2
2025-06-23 12:00,58,235115,790.2,825,790.2,815
2025-06-23 13:00,57,116396,815,829.9,811,823.7
2025-06-23 14:00,57,169182,823.7,835,821,825.22
2025-06-24 11:00,52,51792,841,841,822.1,824
2025-06-24 12:00,46,62828,824,825,813,823
2025-06-24 13:00,38,62688,823,823,815,815
2025-06-24 14:00,46,116556,815,815,799,803.9
2025-06-25 11:00,46,50560,805,813,795,795
2025-06-25 12:00,48,68015,795,812,793,805
2025-06-25 13:00,43,80229,805,815.5,799.6,799.6
2025-06-25 14:00,46,111491,799.6,806,799,800.28
2025-06-26 11:00,39,63737,798,810,795,800
2025-06-26 12:00,49,92032,800,800,790,793
2025-06-26 13:00,55,147160,793,794,784.4,788
2025-06-26 14:00,56,194281,788,790,780.1,781.11
2025-06-29 11:00,48,94308,780,791,772.2,773.3
2025-06-29 12:00,49,84462,773.3,793,773,785
2025-06-29 13:00,35,34110,785,785,778.3,778.3
2025-06-29 14:00,48,59868,778.3,785,775.2,777.06
2025-06-30 11:00,36,20181,773.4,787,773.4,780.5
2025-06-30 12:00,36,29845,780.5,785,777.3,777.5
2025-06-30 13:00,33,33328,777.5,780,775,777
2025-06-30 14:00,50,104651,777,790,777,781.34
2025-07-01 11:00,51,115108,781,808,781,807.9
2025-07-01 12:00,54,165185,807.9,815,805,814
2025-07-01 13:00,48,188799,814,815.8,805,805
2025-07-01 14:00,53,95546,805,808.9,797.6,804.73
2025-07-02 11:00,46,100312,807,810,796.4,798
2025-07-02 12:00,47,79909,798,801,794,794
2025-07-02 13:00,45,67697,794,798,792.1,793.6
2025-07-02 14:00,43,91388,793.6,798,792,793.88
2025-07-03 11:00,41,50745,795,795,785.3,787
2025-07-03 12:00,40,53582,787,789,779,785
2025-07-03 13:00,48,77869,785,785,778,782
2025-07-03 14:00,56,112898,782,786,779,780.04
2025-07-06 11:00,38,32848,788,790,776.2,779
2025-07-06 12:00,34,27909,779,785,777,782
2025-07-06 13:00,33,43512,782,782,772,772
2025-07-06 14:00,47,76309,772,777,770,772.76
2025-07-07 11:00,33,23502,765,779.9,765,773.7
2025-07-07 12:00,38,55124,773.7,785,773.7,777.8
2025-07-07 13:00,32,28649,777.8,780,775,777
2025-07-07 14:00,44,75751,777,777.8,768,769.95
2025-07-08 11:00,34,24071,754.6,777,754.6,777
2025-07-08 12:00,48,90470,777,794,774.2,780
2025-07-08 13:00,27,64831,780,790,780,785
2025-07-08 14:00,52,114401,785,794,785,788.79
2025-07-09 11:00,59,261790,815,815.9,804,804
2025-07-09 12:00,41,112132,804,805.1,795,798.1
2025-07-09 13:00,44,52536,798.1,801,796.1,797.5
2025-07-09 14:00,51,155648,797.5,797.8,790.1,791.3
2025-07-10 11:00,43,50920,796,796,788,792
2025-07-10 12:00,44,59493,792,792,779.1,780
2025-07-10 13:00,35,25584,780,781.7,776.1,780
2025-07-10 14:00,48,80739,780,781,776.5,779.41
2025-07-13 11:00,41,108579,794,794,770.9,772.1
2025-07-13 12:00,32,26902,772.1,776,772,772
2025-07-13 13:00,36,62543,772,774.8,766.5,766.7
2025-07-13 14:00,47,89253,766.7,768.8,765.2,766.23
2025-07-14 11:00,28,18054,781.5,781.5,764,770
2025-07-14 12:00,40,54758,770,780,765,779
2025-07-14 13:00,39,29104,779,780,768.6,770
2025-07-14 14:00,51,103000,770,770,761.1,763.78
2025-07-15 11:00,55,164098,750,795,750,792
2025-07-15 12:00,51,161335,792,809,787,800.1
2025-07-15 13:00,53,105473,800.1,807.8,795.5,798
2025-07-15 14:00,54,120551,798,806,795,802.3
2025-07-16 11:00,55,114913,810,815,805.3,807
2025-07-16 12:00,48,113978,807,815,803,810
2025-07-16 13:00,60,270481,810,831,810,823.8
2025-07-16 14:00,53,194920,823.8,825,808.2,810.24
2025-07-17 11:00,57,273170,836.9,850.9,825,839.9
2025-07-17 12:00,55,120918,839.9,845,834,839
2025-07-17 13:00,56,88552,839,842,836,840
2025-07-17 14:00,41,194077,840,841.9,830,832.96
2025-07-20 11:00,58,136078,833,835,823,829.5
2025-07-20 12:00,51,74397,829.5,829.5,822.6,822.6
2025-07-20 13:00,55,166134,822.6,826.1,816,820
2025-07-20 14:00,59,181501,820,820,810,812.53
2025-07-21 11:00,50,79274,810,819,805.7,812.1
2025-07-21 12:00,50,66328,812.1,814,805,807.6
2025-07-21 13:00,47,78665,807.6,811,800.2,802.5
2025-07-21 14:00,52,143323,802.5,813,797,809.27
2025-07-22 11:00,53,120629,824,825.4,810,823
2025-07-22 12:00,52,76257,823,823.7,812.6,815.4
2025-07-22 13:00,55,65510,815.4,820,814,814
2025-07-22 14:00,52,116275,814,816.9,810,810.6
2025-07-23 11:00,45,78432,810.7,821,808,821
2025-07-23 12:00,54,73824,821,821,810.3,818.9
2025-07-23 13:00,53,108307,818.9,822.2,814.1,816.5
2025-07-23 14:00,50,106989,816.5,819,811.1,813.64
2025-07-24 11:00,58,497469,816.1,872,816.1,870
2025-07-24 12:00,59,204802,870,884,868,870
2025-07-24 13:00,58,68570,870,878,865.6,871.4
2025-07-24 14:00,57,127507,871.4,879.8,870,870.54
2025-07-27 11:00,58,165756,880,900,880,884.1
2025-07-27 12:00,51,112622,884.1,885,870.6,870.6
2025-07-27 13:00,56,135833,870.6,871,853.3,863
2025-07-27 14:00,56,161419,863,865.8,851,851.96
2025-07-28 11:00,54,87287,850,855.1,840,845
2025-07-28 12:00,58,116519,845,864,840.5,847.2
2025-07-28 13:00,42,58324,847.2,860,847,847
2025-07-28 14:00,53,109678,847,855.2,842.1,845.76
2025-07-29 11:00,58,250061,860,881,850,872
2025-07-29 12:00,55,94658,872,872,860.3,863
2025-07-29 13:00,44,81908,863,863,850,854
2025-07-29 14:00,55,150798,854,860,845.1,848.24
2025-07-30 11:00,48,65588,865,865,850,855
2025-07-30 12:00,46,52413,855,862,850,850
2025-07-30 13:00,50,110143,850,850,831.1,839
2025-07-30 14:00,51,141208,839,845,825.1,828.23
2025-07-31 11:00,48,32376,811.7,837,811.7,827
2025-07-31 12:00,44,42128,827,833,825.7,829
2025-07-31 13:00,43,48285,829,842,828,835
2025-07-31 14:00,46,111720,835,835,819,821.25
2025-08-03 11:00,41,30690,825,830,816,827.9
2025-08-03 12:00,49,46471,827.9,832,815.1,815.1
2025-08-03 13:00,46,51852,815.1,825,815.1,821
2025-08-03 14:00,49,79367,821,821,809.1,811.12
2025-08-04 11:00,49,37603,827.3,827.3,800,817
2025-08-04 12:00,43,34397,817,817,805.2,805.2
2025-08-04 13:00,36,30723,805.2,810,802,805.9
2025-08-04 14:00,51,54978,805.9,813.7,803,806.31
2025-08-05 11:00,34,27230,817.9,817.9,802,807.4
2025-08-05 12:00,37,38032,807.4,807.4,795,800
2025-08-05 13:00,46,35670,800,801,790,801
2025-08-05 14:00,51,87243,801,803,778,783.08
2025-08-06 11:00,41,30969,795,795,783,785.1
2025-08-06 12:00,37,33636,785.1,798.7,785.1,798.7
2025-08-06 13:00,39,47664,798.7,805,795,796
2025-08-06 14:00,42,51859,796,800,790,792.02
2025-08-07 11:00,27,19686,800,802,794,798
2025-08-07 12:00,37,15633,798,800.2,796.1,800
2025-08-07 13:00,50,35175,800,802.7,798,802.6
2025-08-07 14:00,51,86502,802.6,804,794.5,797.27
2025-08-11 11:00,32,15038,810.4,810.4,790,792.2
2025-08-11 12:00,22,25322,792.2,792.6,783.1,785.3
2025-08-11 13:00,32,26203,785.3,792.9,778,785
2025-08-11 14:00,45,54449,785,786,765,768.71
2025-08-12 11:00,36,22883,784,784,757.2,770
2025-08-12 12:00,27,27102,770,770,760,764.9
2025-08-12 13:00,26,27402,764.9,775,761,775
2025-08-12 14:00,39,55953,775,777.7,761,762.28
2025-08-13 11:00,32,11924,776.3,776.3,761.2,770
2025-08-13 12:00,27,27910,770,775.9,764,775.9
2025-08-13 13:00,27,20780,775.9,776,768.1,768.6
2025-08-13 14:00,46,60744,768.6,770,760.1,764.22
2025-08-14 11:00,24,16501,776,776,766.1,769
2025-08-14 12:00,32,51180,769,784,763.6,780
2025-08-14 13:00,47,87850,780,799,773,790.9
2025-08-14 14:00,53,109839,790.9,800,784,798.08
2025-08-17 11:00,49,92444,800,800,779,779
2025-08-17 12:00,29,24114,779,786,774.1,786
2025-08-17 13:00,33,18285,786,786,775.3,776.1
2025-08-17 14:00,49,58402,776.1,780,772.1,772.43
2025-08-18 11:00,24,21275,783,783,768,770
2025-08-18 12:00,18,8154,770,775,770,774
2025-08-18 13:00,27,16120,774,780,774,775
2025-08-18 14:00,38,30220,775,780,772.2,776.02
2025-08-19 11:00,20,9994,791.1,791.1,761,780.1
2025-08-19 12:00,22,11264,780.1,784.8,776.1,776.2
2025-08-19 13:00,25,143999,776.2,779,761,766.1
2025-08-19 14:00,51,100115,766.1,774.8,760,767.34
2025-08-20 11:00,26,72901,767,777,767,769.1
2025-08-20 12:00,21,5967,769.1,772.5,768,768
2025-08-20 13:00,30,25144,768,775,767,774.8
2025-08-20 14:00,38,53771,774.8,776,768,769.34
2025-08-21 11:00,12,7550,767.9,771.8,765,765.6
2025-08-21 12:00,20,12847,765.6,773,765.6,766.1
2025-08-21 13:00,28,15722,766.1,768.9,765.4,768.9
2025-08-21 14:00,38,46168,768.9,770,766.1,766.87
2025-08-24 11:00,19,3793,766,774,766,766
2025-08-24 12:00,21,29738,766,769,760,760
2025-08-24 13:00,21,26403,760,760,753,753
2025-08-24 14:00,47,86568,753,755.2,745,752.34
2025-08-25 11:00,27,30707,760,760,742,744.4
2025-08-25 12:00,25,23892,744.4,754,744.4,749.9
2025-08-25 13:00,34,144272,749.9,765,749.9,760
2025-08-25 14:00,38,36471,760,765,755,756.85
2025-08-26 11:00,17,9417,759.9,764.9,755,755
2025-08-26 12:00,15,7045,755,763,755,763
2025-08-26 13:00,20,13087,763,763,757,758
2025-08-26 14:00,25,33071,758,762,755,756.21
2025-08-27 11:00,27,6851,771.3,771.3,757,763
2025-08-27 12:00,43,42699,763,772,763,770
2025-08-27 13:00,35,30727,770,774,768.6,773
2025-08-27 14:00,51,52987,773,780,771.5,775.56
2025-08-28 11:00,36,30845,778.5,784.8,773.2,783.8
2025-08-28 12:00,39,53848,783.8,787.9,775.1,776
2025-08-28 13:00,31,19562,776,778,770,770
2025-08-28 14:00,41,61362,770,770,760,761.34
2025-08-31 11:00,25,11350,760,769,760,762
2025-08-31 12:00,21,14214,762,765,760.1,760.9
2025-08-31 13:00,19,19291,760.9,760.9,751.1,757
2025-08-31 14:00,38,35610,757,759.9,751.1,756.05
2025-09-01 11:00,20,15222,771,771,753,759.9
2025-09-01 12:00,16,17306,759.9,765,755.3,762
2025-09-01 13:00,23,22780,762,765,756,757.5
2025-09-01 14:00,33,24666,757.5,765,757.5,762.62
2025-09-02 11:00,15,5055,760,765,760,762.9
2025-09-02 12:00,23,11821,762.9,766,761.6,764
2025-09-02 13:00,26,30205,764,764,755,755
2025-09-02 14:00,24,14222,755,759,755,758.05
2025-09-03 11:00,17,9536,742.9,759.8,742.9,759
2025-09-03 12:00,16,7541,759,759,755,755.5
2025-09-03 13:00,28,26573,755.5,758.9,753.5,755
2025-09-03 14:00,32,41526,755,757,751.5,753.36
2025-09-04 11:00,17,3624,768.4,768.4,750,752
2025-09-04 12:00,35,21243,752,754,750.2,750.2
2025-09-04 13:00,23,9344,750.2,755,750.2,754
2025-09-04 14:00,40,46722,754,764,752,762.11
2025-09-07 11:00,28,17271,777.3,777.3,762,769.5
2025-09-07 12:00,27,30761,769.5,771.5,763,769
2025-09-07 13:00,23,28659,769,769,763,764
2025-09-07 14:00,33,38325,764,767,759.1,760.75
2025-09-08 11:00,19,4673,775.9,775.9,758,763
2025-09-08 12:00,17,25144,763,764.9,758,758
2025-09-08 13:00,14,20774,758,760,754,754
2025-09-08 14:00,39,47391,754,756.1,750.1,752.11
2025-09-18 11:00,5,11700,723,723,695.1,705
2025-09-18 12:00,3,20276,705,705,697,700
2025-09-18 14:00,1,710,700,709,700,709
2025-09-21 11:00,46,48378,694.9,724,694.9,717
2025-09-21 12:00,38,36153,717,745,717,735
2025-09-21 13:00,26,43643,735,746,730,738
2025-09-21 14:00,33,28926,738,750,738,740.92
2025-09-23 11:00,34,17703,741,754.1,741,752
2025-09-23 12:00,29,30498,752,762,752,755.9
2025-09-23 13:00,20,22565,755.9,766.8,753.5,766.8
2025-09-23 14:00,35,35103,766.8,766.9,757,761
2025-09-24 11:00,18,4879,776,776,754.7,760
2025-09-24 12:00,21,10076,760,766,751.4,751.4
2025-09-24 13:00,16,11283,751.4,756,750.1,750.1
2025-09-24 14:00,31,50068,750.1,757,742,755
2025-09-25 11:00,15,3267,770.1,770.1,745.2,747.5
2025-09-25 12:00,19,14815,747.5,757,747.5,750
2025-09-25 13:00,22,5829,750,752,749.5,750
2025-09-25 14:00,34,22934,750,751.8,746,746
2025-09-28 11:00,15,8683,760,760,748.1,750
2025-09-28 12:00,19,6228,750,752.8,750,752.8
2025-09-28 13:00,18,17297,752.8,755,750,750.1
2025-09-28 14:00,28,25097,750.1,752,745,751
2025-10-07 11:00,25,26272,751,751,730,730
2025-10-07 12:00,21,24666,730,734,720,720.3
2025-10-07 13:00,34,64753,720.3,725,701,712
2025-10-07 14:00,37,29514,712,716.5,708.1,709
2025-10-08 11:00,33,38948,723.1,723.1,690,701.1
2025-10-08 12:00,27,25258,701.1,703,691,691
2025-10-08 13:00,43,37008,691,694.9,686.7,686.8
2025-10-08 14:00,38,26138,686.8,697,686.8,690
2025-10-09 11:00,31,39859,716,728.9,698.2,704.1
2025-10-09 12:00,24,25876,704.1,704.1,695,700
2025-10-09 13:00,20,8724,700,702,697.1,697.1
2025-10-09 14:00,35,36516,697.1,700,693,694
2025-10-12 11:00,41,41575,707.8,707.8,654.3,665
2025-10-12 12:00,44,90637,665,665,645,645
2025-10-12 13:00,44,66517,645,651,635,636.2
2025-10-12 14:00,47,55509,636.2,647,630,635
2025-10-13 11:00,40,39540,647,659,635.1,648.1
2025-10-13 12:00,23,11760,648.1,659,646.2,658.9
2025-10-13 13:00,31,28716,658.9,664,655,660
2025-10-13 14:00,34,36901,660,670,659,670
2025-10-14 11:00,27,35000,673,677.8,660,661.2
2025-10-14 12:00,12,17831,661.2,663.9,648,648
2025-10-14 13:00,20,8330,648,660.9,648,654
2025-10-14 14:00,30,36027,654,660,650.1,660
2025-10-15 11:00,22,11742,655,655,648.1,653
2025-10-15 12:00,17,18797,653,655,648.1,653.9
2025-10-15 13:00,17,16131,653.9,657,650,655
2025-10-15 14:00,40,68729,655,655,640,642
2025-10-16 11:00,13,7125,654.8,654.8,638.7,640
2025-10-16 12:00,18,12256,640,642,638,638
2025-10-16 13:00,20,19584,638,640.9,636,639
2025-10-16 14:00,36,52833,639,639,631,631.6
2025-10-19 11:00,14,7333,644.2,644.2,618.8,639
2025-10-19 12:00,22,18091,639,646.9,635,635
2025-10-19 13:00,16,12942,635,642,635,641.9
2025-10-19 14:00,29,28275,641.9,641.9,631,639
2025-10-26 11:00,34,16738,650,650.1,636,642.3
2025-10-26 12:00,43,36855,642.3,660,642.3,652.4
2025-10-26 13:00,20,10914,652.4,656,651,656
2025-10-26 14:00,28,26737,656,659.7,653,659.7
2025-10-28 11:00,52,61910,659,687,659,685.9
2025-10-28 12:00,37,63459,685.9,703,685.9,695
2025-10-28 13:00,46,68888,695,719.7,693,713
2025-10-28 14:00,49,118443,713,725.6,711,723
2025-10-29 11:00,53,86069,710,740,710,730
2025-10-29 12:00,43,59120,730,748.5,730,736.3
2025-10-29 13:00,45,59949,736.3,743,723.5,728.1
2025-10-29 14:00,43,99227,728.1,735,719,728
2025-10-30 11:00,57,125305,714,755,714,751
2025-10-30 12:00,52,120934,751,763.9,746.3,757
2025-10-30 13:00,49,110981,757,773,756.1,773
2025-10-30 14:00,57,139922,773,774.4,764,767
2025-11-02 11:00,58,124287,777,787,763,780
2025-11-02 12:00,53,38878,780,781,773,777.9
2025-11-02 13:00,42,35584,777.9,777.9,762.1,763
2025-11-02 14:00,54,118856,763,773.9,755.1,755.1
2025-11-03 11:00,47,51698,760,770.1,760,762
2025-11-03 12:00,42,44242,762,767,753.1,754
2025-11-03 13:00,43,62101,754,764,751.1,756.1
2025-11-03 14:00,52,163924,756.1,778,756,775
2025-11-04 11:00,45,101122,790.5,799,773.9,786.4
2025-11-04 12:00,48,57399,786.4,795,777,781
2025-11-04 13:00,35,38673,781,787,778,780
2025-11-04 14:00,45,90163,780,780,766.5,770
2025-11-05 11:00,42,69675,785.4,785.4,769,780
2025-11-05 12:00,35,38865,780,781,774.9,775
2025-11-05 13:00,46,56670,775,776,766,770
2025-11-05 14:00,53,237488,770,800,770,796
2025-11-06 11:00,57,134732,807,812,798,807
2025-11-06 12:00,40,60067,807,807,798,798
2025-11-06 13:00,43,48554,798,803,797,799
2025-11-06 14:00,53,141280,799,801,790.1,792
2025-11-09 11:00,50,84993,784,795,781.5,782.6
2025-11-09 12:00,44,71056,782.6,787.9,779,782
2025-11-09 13:00,42,41681,782,783.5,780,780
2025-11-09 14:00,44,79567,780,782.8,775.3,777
2025-11-10 11:00,33,46164,792.5,792.5,770,783
2025-11-10 12:00,30,32983,783,783,773,774.9
2025-11-10 13:00,32,38042,774.9,775,768,769
2025-11-10 14:00,48,110819,769,789,766,779
2025-11-11 11:00,57,194756,789.9,789.9,765.5,766
2025-11-11 12:00,37,75433,766,772.9,762.4,766
2025-11-11 13:00,41,68615,766,776,765,775.9
2025-11-11 14:00,46,79885,775.9,775.9,764,769
2025-11-12 11:00,42,43660,765,774,755,758
2025-11-12 12:00,36,62767,758,763.6,754,755
2025-11-12 13:00,40,64340,755,758,744,748
2025-11-12 14:00,51,124029,748,755,740,745
2025-11-13 11:00,42,35620,735,748,735,742
2025-11-13 12:00,29,15305,742,742,735,737
2025-11-13 13:00,34,30077,737,747.8,735.1,745
2025-11-13 14:00,43,45251,745,748.1,737,740
2025-11-16 11:00,38,19929,740,744.6,723.2,725.2
2025-11-16 12:00,30,21409,725.2,735,723.2,725
2025-11-16 13:00,21,11864,725,731,725,731
2025-11-16 14:00,44,59144,731,731,721.2,722
2025-11-17 11:00,38,41794,736.4,744,721,743.9
2025-11-17 12:00,49,50531,743.9,748,740,744
2025-11-17 13:00,48,64347,744,759.8,743,753.2
2025-11-17 14:00,44,50013,753.2,755,746,750.1
2025-11-18 11:00,39,32534,765.1,771,750,765
2025-11-18 12:00,37,34783,765,769,761.1,765
2025-11-18 13:00,28,19832,765,765,757.1,757.1
2025-11-18 14:00,37,40841,757.1,760.4,749,749
2025-11-19 11:00,33,30879,763.9,763.9,745,753.7
2025-11-19 12:00,39,66337,753.7,753.7,744.1,746.1
2025-11-19 13:00,38,49698,746.1,747,740,746
2025-11-19 14:00,45,66748,746,749.8,742.1,743
2025-11-20 11:00,36,36355,730,758,730,741
2025-11-20 12:00,25,40701,741,744.7,739,743
2025-11-20 13:00,29,19149,743,746.9,740,746
2025-11-20 14:00,42,57457,746,753,745,747
2025-11-23 11:00,55,112985,748,775,748,774
2025-11-23 12:00,38,55932,774,775,765,773
2025-11-23 13:00,37,40467,773,776.5,772.5,776.5
2025-11-23 14:00,51,75528,776.5,776.5,768.4,769
2025-11-24 11:00,32,22161,784.3,784.3,770,770.3
2025-11-24 12:00,43,57833,770.3,772.7,768.7,769.2
2025-11-24 13:00,36,33966,769.2,772,766.2,770
2025-11-24 14:00,42,74939,770,770,764,769
2025-11-25 11:00,31,17177,784.3,784.3,754,770
2025-11-25 12:00,25,12396,770,774,769,770
2025-11-25 13:00,28,35637,770,770,762,768
2025-11-25 14:00,44,63964,768,770,763.6,769
2025-11-26 11:00,25,32888,784,784,755,760
2025-11-26 12:00,17,14013,760,764,757,758
2025-11-26 13:00,30,48060,758,765,754,754
2025-11-26 14:00,43,89900,754,754.6,747.2,749
2025-11-27 11:00,26,14063,763.9,763.9,748,753
2025-11-27 12:00,23,20064,753,753.9,749.3,750
2025-11-27 13:00,23,19772,750,754,749.9,752.8
2025-11-27 14:00,42,57880,752.8,752.8,743.1,744.9
2025-11-30 11:00,20,10033,755,755,744.9,748.8
2025-11-30 12:00,30,30809,748.8,758,746.5,747.1
2025-11-30 13:00,29,24346,747.1,750,743,745
2025-11-30 14:00,42,63676,745,745,735,737.1
2025-12-01 11:00,32,16636,751.8,751.8,731.3,736
2025-12-01 12:00,12,6409,736,740,736,737.2
2025-12-01 13:00,19,16099,737.2,748,737.2,740
2025-12-01 14:00,31,38817,740,743,732.3,733
2025-12-02 11:00,12,9637,745,745,737,744.9
2025-12-02 12:00,17,8381,744.9,744.9,738,744
2025-12-02 13:00,19,11984,744,744,736.3,736.3
2025-12-02 14:00,27,19366,736.3,740,736,738.6
2025-12-03 11:00,28,11154,753,753,738,738.8
2025-12-03 12:00,24,14004,738.8,740,732.1,740
2025-12-03 13:00,19,15558,740,740,735.7,740
2025-12-03 14:00,39,61407,740,740,732,735
2025-12-07 11:00,15,10305,731,731,725.3,726
2025-12-07 12:00,15,8473,726,734,726,730
2025-12-07 13:00,21,14569,730,730,726.3,726.3
2025-12-07 14:00,37,50616,726.3,727.6,722.1,724
2025-12-08 11:00,27,39415,738.4,738.4,722,723.3
2025-12-08 12:00,18,11093,723.3,734.6,723.3,730
2025-12-08 13:00,21,20203,730,730,724,724
2025-12-08 14:00,43,55092,724,724,716.3,717.1
2025-12-09 11:00,25,48187,711.1,728.2,711.1,723
2025-12-09 12:00,25,17484,723,730,722,724.9
2025-12-09 13:00,11,24375,724.9,725,719,720
2025-12-09 14:00,34,46994,720,735,720,731
2025-12-10 11:00,23,12349,740,741.2,730,737.1
2025-12-10 12:00,22,15505,737.1,737.1,728.3,736
2025-12-10 13:00,10,5641,736,736,729,729
2025-12-10 14:00,28,35749,729,730,725,725.3
2025-12-11 11:00,13,6866,721,732.8,719.5,728
2025-12-11 12:00,19,8494,728,731.5,722.1,725.2
2025-12-11 13:00,21,14241,725.2,725.8,723.3,724
2025-12-11 14:00,27,20500,724,725.8,722,722.2
2025-12-14 11:00,24,12040,718.1,730,718.1,720
2025-12-14 12:00,23,26963,720,722.9,714,714
2025-12-14 13:00,19,10943,714,719,714,718
2025-12-14 14:00,26,38795,718,720,714,720
2025-12-15 11:00,17,3643,713.5,724,713.5,716
2025-12-15 12:00,31,14176,716,720.9,716,719
2025-12-15 13:00,19,15700,719,724,717,717
2025-12-15 14:00,21,19931,717,721,716,721
2025-12-16 11:00,32,30985,720,720.9,712,716
2025-12-16 12:00,35,27871,716,725,715,721.2
2025-12-16 13:00,30,19052,721.2,724.7,719,719
2025-12-16 14:00,34,24488,719,723.9,718.2,721
2025-12-17 11:00,17,10492,719.1,727.5,719.1,725
2025-12-17 12:00,29,13558,725,730,723,726
2025-12-17 13:00,33,28106,726,728,724,726
2025-12-17 14:00,38,75789,726,734,726,732.9
2025-12-18 11:00,43,58529,747,747,732,745
2025-12-18 12:00,52,56261,745,753,741,744.1
2025-12-18 13:00,46,64094,744.1,751.6,744.1,750
2025-12-18 14:00,46,67240,750,750.4,744,748
2025-12-21 11:00,35,27919,738,750,738,746
2025-12-21 12:00,23,25415,746,746,738.2,739.8
2025-12-21 13:00,27,22825,739.8,739.8,735,735
2025-12-21 14:00,35,29288,735,738,733.3,735
2025-12-22 11:00,15,16149,740,740,723.1,723.1
2025-12-22 12:00,16,8363,723.1,728.7,723.1,728.7
2025-12-22 13:00,15,15092,728.7,730,725,725
2025-12-22 14:00,29,37777,725,732,721,725
2025-12-23 11:00,12,3819,730,730,724,724
2025-12-23 12:00,20,8461,724,730,721.2,730
2025-12-23 13:00,18,9945,730,730,725,725
2025-12-23 14:00,24,32866,725,729,724.2,725
2025-12-24 11:00,18,12289,739,739,729.1,729.1
2025-12-24 12:00,15,5140,729.1,732,727.2,727.3
2025-12-24 13:00,22,13550,727.3,730,727,730
2025-12-24 14:00,38,33186,730,732,726,730
2025-12-28 11:00,30,29981,739,744,731,743
2025-12-28 12:00,27,28970,743,747.1,740.1,742.1
2025-12-28 13:00,27,21456,742.1,750,740.7,749.6
2025-12-28 14:00,44,56211,749.6,756.9,748,753
2025-12-29 11:00,21,16556,759.9,759.9,751,759
2025-12-29 12:00,26,27938,759,759.9,752,759.9
2025-12-29 13:00,24,27090,759.9,761,750.2,750.2
2025-12-29 14:00,33,26422,750.2,750.2,743,749.7
2025-12-31 11:00,16,17320,744.4,759.1,744.4,753.2
2025-12-31 12:00,25,35985,753.2,758.9,753.2,755.3
2025-12-31 13:00,29,22456,755.3,757,751.3,751.4
2025-12-31 14:00,41,40018,751.4,756,749.2,754
2026-01-01 11:00,29,27491,747.1,760,747.1,754.1
2026-01-01 12:00,23,10682,754.1,757,749.2,749.3
2026-01-01 13:00,21,12146,749.3,752,748,748.1
2026-01-01 14:00,34,47510,748.1,750,743,745
2026-01-04 11:00,18,8405,737,750.8,737,745
2026-01-04 12:00,14,8925,745,746,742.3,742.7
2026-01-04 13:00,20,13251,742.7,745,737,737
2026-01-04 14:00,30,27102,737,738,730.4,733
2026-01-05 11:00,12,7793,735,736.9,731.2,736.8
2026-01-05 12:00,28,27054,736.8,744,736.5,740
2026-01-05 13:00,30,24212,740,744.8,738,740
2026-01-05 14:00,43,65798,740,754.5,740,750
2026-01-06 11:00,45,59406,751,771,751,766.3
2026-01-06 12:00,38,37923,766.3,766.8,758,760.5
2026-01-06 13:00,31,23249,760.5,760.5,750.5,760
2026-01-06 14:00,48,110918,760,768.8,760,764.7
2026-01-07 11:00,30,37392,779.9,779.9,761,764
2026-01-07 12:00,35,47410,764,770,759.2,759.2
2026-01-07 13:00,32,15852,759.2,761.9,755.3,760
2026-01-07 14:00,36,32332,760,760.9,753.5,753.5
2026-01-08 11:00,12,6888,753.5,756,750.3,755
2026-01-08 12:00,28,27448,755,761.9,753,758
2026-01-08 13:00,23,22205,758,762,758,760
2026-01-08 14:00,50,94808,760,769,758.7,763
2026-01-12 11:00,48,102947,771,780,771,775.9
2026-01-12 12:00,45,107879,775.9,777.5,769,775
2026-01-12 13:00,53,90256,775,789,775,781
2026-01-12 14:00,50,104789,781,788,775,788
2026-01-13 11:00,59,288819,794.7,811,794.7,809.1
2026-01-13 12:00,59,211224,809.1,820,809.1,812
2026-01-13 13:00,53,40168,812,817,812,814.6
2026-01-13 14:00,56,134389,814.6,819,808,819
2026-01-14 11:00,52,57353,833,833,815,815.6
2026-01-14 12:00,53,88120,815.6,816,803,807
2026-01-14 13:00,40,45533,807,815,805,805
2026-01-14 14:00,56,133755,805,808,797,802
2026-01-18 11:00,54,74485,800,814,800,807
2026-01-18 12:00,42,72190,807,811.7,805.9,810
2026-01-18 13:00,47,65283,810,810.5,800,802
2026-01-18 14:00,55,98446,802,802,792.6,792.7
2026-01-20 11:00,49,112401,815,815,802,806
2026-01-20 12:00,39,133643,806,825,805.6,823.9
2026-01-20 13:00,47,132145,823.9,825,812.2,820.9
2026-01-20 14:00,54,99784,820.9,823,817,820.5
2026-01-21 11:00,55,177769,821,833,813,822
2026-01-21 12:00,36,44793,822,824.9,820.1,822
2026-01-21 13:00,42,50792,822,823,815,815
2026-01-21 14:00,48,70672,815,819,810,815
2026-01-22 11:00,32,34336,822,822,809,812
2026-01-22 12:00,34,48257,812,814.9,804.5,804.9
2026-01-22 13:00,39,48364,804.9,806.5,801.1,802.6
2026-01-22 14:00,50,80306,802.6,812.8,802.6,805
2026-01-25 11:00,49,83665,810,819.9,807,814.1
2026-01-25 12:00,47,57747,814.1,815,804.1,811
2026-01-25 13:00,41,79390,811,820,810.2,815
2026-01-25 14:00,50,96624,815,818,807,811
2026-01-26 11:00,47,113874,810,824.3,807,817
2026-01-26 12:00,40,52778,817,819,807.5,809.2
2026-01-26 13:00,39,69116,809.2,816,806.5,814.8
2026-01-26 14:00,53,126069,814.8,822.4,808.2,810
2026-01-27 11:00,58,317314,819,854.7,815,854
2026-01-27 12:00,52,104204,854,854,839,844
2026-01-27 13:00,53,121756,844,851,838,840
2026-01-27 14:00,59,144249,840,846,827,827
2026-01-28 11:00,56,224700,845,857.9,839.1,844.2
2026-01-28 12:00,48,74158,844.2,848,835.2,840
2026-01-28 13:00,43,53581,840,847,836.4,845
2026-01-28 14:00,57,286576,845,867,845,863
2026-01-29 11:00,57,176277,880.1,889,872,878
2026-01-29 12:00,50,56467,878,880.5,873,877.1
2026-01-29 13:00,49,78499,877.1,880.5,866,867
2026-01-29 14:00,53,185960,867,870,848,860
2026-02-01 11:00,47,150928,853,870,848.1,853.3
2026-02-01 12:00,51,113367,853.3,853.3,841.6,848.1
2026-02-01 13:00,48,63487,848.1,856,841.8,855.8
2026-02-01 14:00,49,130966,855.8,855.8,838,845
2026-02-02 11:00,52,127329,828.1,857,828.1,846.1
2026-02-02 12:00,33,54741,846.1,855,846,850
2026-02-02 13:00,44,68429,850,850.9,839,841
2026-02-02 14:00,47,83394,841,845.5,839,844
2026-02-03 11:00,49,50712,827.2,854,827.2,843.3
2026-02-03 12:00,33,45401,843.3,851,840,841
2026-02-03 13:00,34,46039,841,844,839,840.2
2026-02-03 14:00,50,103998,840.2,843,836,836
2026-02-04 11:00,53,143680,852.7,860,843,848.2
2026-02-04 12:00,35,40772,848.2,853.9,846.7,853
2026-02-04 13:00,28,22450,853,853,847,850
2026-02-04 14:00,42,101541,850,850,842.1,850
2026-02-05 11:00,55,217431,833,879.9,833,875
2026-02-05 12:00,54,156079,875,889.9,871.1,889.8
2026-02-05 13:00,58,161265,889.8,895.4,884.2,894.9
2026-02-05 14:00,53,119324,894.9,894.9,871,875
2026-02-08 11:00,53,153279,885,894,885,887
2026-02-08 12:00,54,113202,887,889,879,880
2026-02-08 13:00,38,35849,880,886,879.1,885
2026-02-08 14:00,58,195280,885,886.9,877.1,886
2026-02-09 11:00,43,53554,880.1,883.9,874,875.1
2026-02-09 12:00,41,83170,875.1,876,865.3,865.3
2026-02-09 13:00,40,65463,865.3,870,863,864.2
2026-02-09 14:00,46,108983,864.2,870,856,862
2026-02-10 11:00,37,66126,865,869.9,860,867
2026-02-10 12:00,39,79648,867,870,859.1,859.1
2026-02-10 13:00,47,79290,859.1,863,850,852
2026-02-10 14:00,45,108627,852,857,850,852.8
2026-02-11 11:00,43,34510,862,862,844,849
2026-02-11 12:00,32,56335,849,849.1,838,843
2026-02-11 13:00,38,44353,843,848,838.7,845
2026-02-11 14:00,35,93619,845,855,841,848
2026-02-12 11:00,32,25514,831.1,855,831.1,846.9
2026-02-12 12:00,25,19281,846.9,850,842,843
2026-02-12 13:00,41,55995,843,851.9,841,847
2026-02-12 14:00,43,168664,847,847,840,845
2026-02-16 11:00,33,32065,828.1,855,828.1,850
2026-02-16 12:00,27,17782,850,850,844,847.5
2026-02-16 13:00,27,27411,847.5,848.9,844.5,846
2026-02-16 14:00,41,85817,846,846,831,845
2026-02-17 11:00,24,24851,848,848.8,837,837
2026-02-17 12:00,22,48054,837,842,835,838.9
2026-02-17 13:00,36,47073,838.9,839.9,833,837.7
2026-02-17 14:00,43,102824,837.7,837.7,830.1,831.7
2026-02-22 11:00,32,46845,835,837,827.5,831
2026-02-22 12:00,46,64691,831,839.8,830,837
2026-02-22 13:00,38,32022,837,845,834,834
2026-02-22 14:00,42,72108,834,840,833.1,840
2026-02-23 11:00,30,25169,844.8,848,835,842
2026-02-23 12:00,28,14440,842,843,838.2,840
2026-02-23 13:00,30,54122,840,850.1,840,844.2
2026-02-23 14:00,40,82846,844.2,849,841,847.9
2026-02-24 11:00,33,54906,831,859,831,853.5
2026-02-24 12:00,30,27107,853.5,854.6,850,853
2026-02-24 13:00,31,25233,853,855.9,852.1,853
2026-02-24 14:00,45,81644,853,857.9,850.7,855.6
2026-02-25 11:00,31,29726,851.1,862,851.1,856.3
2026-02-25 12:00,24,21406,856.3,859.5,855,855.2
2026-02-25 13:00,28,20898,855.2,855.2,850.4,852
2026-02-25 14:00,34,40146,852,856.6,850,850
2026-02-26 11:00,19,22197,852,853,848,849.9
2026-02-26 12:00,16,26962,849.9,852,848.1,848.1
2026-02-26 13:00,22,38099,848.1,853,848,853
2026-02-26 14:00,33,40704,853,853,847,849
2026-03-01 11:00,37,181311,840,854,838.3,850
2026-03-01 12:00,32,96196,850,856,847.7,856
2026-03-01 13:00,30,24603,856,857,851,853
2026-03-01 14:00,38,122828,853,856.9,850.1,856.9
2026-03-03 11:00,23,71012,874,874,846.2,865
2026-03-03 12:00,32,33390,865,871,863.2,867.1
2026-03-03 13:00,32,50036,867.1,874.2,865.1,872
2026-03-03 14:00,46,84703,872,880,872,873.5
2026-03-09 11:00,2,7303,890.9,925,890.9,925
2026-03-09 14:00,1,17042,925,925,920,920
2026-03-10 11:00,49,227627,922,922,884,895
2026-03-10 12:00,52,87201,895,901,890.1,890.5
2026-03-10 13:00,39,62812,890.5,900,887,900
2026-03-10 14:00,49,134292,900,905,890.1,897
2026-03-11 11:00,46,77170,914.9,914.9,888,897
2026-03-11 12:00,39,63568,897,900,889,889
2026-03-11 13:00,35,52847,889,894.9,882.1,882.5
2026-03-11 14:00,44,89994,882.5,885,875,875
2026-03-12 11:00,36,71608,875,887.9,875,880
2026-03-12 12:00,29,37553,880,885,877.5,885
2026-03-12 13:00,39,53369,885,886,879,879
2026-03-12 14:00,42,114050,879,880.7,874.5,874.5
2026-03-15 11:00,45,140876,857.1,904.6,857.1,903.9
2026-03-15 12:00,45,97406,903.9,905,886.3,893.2
2026-03-15 13:00,28,94860,893.2,904,889,900
2026-03-15 14:00,48,177658,900,905,892.3,900
2026-03-16 11:00,34,43508,900,904,893,897
2026-03-16 12:00,39,32874,897,897,882,890
2026-03-16 13:00,20,42576,890,895,887.6,890
2026-03-16 14:00,37,63723,890,891,880,888
2026-03-17 11:00,35,27157,878.1,896,878,878
2026-03-17 12:00,23,16888,878,890,878,880
2026-03-17 13:00,20,17175,880,883,878.5,879.9
2026-03-17 14:00,44,94420,879.9,884,873,882
2026-03-19 11:00,42,105918,875,891,875,884
2026-03-19 12:00,36,68217,884,887,880,883
2026-03-19 13:00,38,79241,883,897,882,889
2026-03-19 14:00,45,62630,889,891,881.2,884.5
2026-03-22 11:00,26,68895,866.9,894.1,866.9,882.1
2026-03-22 12:00,37,32776,882.1,888,881.1,881.1
2026-03-22 13:00,38,49362,881.1,882.9,878,879
2026-03-22 14:00,39,138493,879,893,876.2,877.3
2026-03-23 11:00,4,35716,880,880,872.2,875
2026-03-23 12:00,28,38213,875,881.9,873.4,875
2026-03-23 13:00,25,52048,875,880,870,871
2026-03-23 14:00,36,96628,871,880,869.5,878
2026-03-24 11:00,56,345472,890,914,888.2,909
2026-03-24 12:00,53,97364,909,910.8,900.2,904
2026-03-24 13:00,46,143010,904,913,900,908
2026-03-24 14:00,45,160246,908,908,897,905
2026-03-25 11:00,47,154611,908,922,905,912.2
2026-03-25 12:00,37,60889,912.2,915,908,908
2026-03-25 13:00,35,45172,908,912,907.1,912
2026-03-25 14:00,40,108973,912,912,894,899.9
2026-03-26 11:00,32,49702,899,902.9,890.3,897
2026-03-26 12:00,24,19539,897,900,891.4,900
2026-03-26 13:00,27,83468,900,902,892,898
2026-03-26 14:00,33,105689,898,901,890.2,897
2026-03-29 11:00,46,149825,900,903,883,884
2026-03-29 12:00,39,55625,884,888.9,880,880
2026-03-29 13:00,41,90774,880,883.6,870,880
2026-03-29 14:00,53,101060,880,883,870,872
2026-03-30 11:00,40,106151,889.4,889.4,857,869
2026-03-30 12:00,39,33052,869,878,865,866.1
2026-03-30 13:00,43,64748,866.1,870,858,858
2026-03-30 14:00,58,100572,858,864.5,850.3,864.5
2026-03-31 11:00,46,86356,881.7,881.7,847,847.1
2026-03-31 12:00,44,67016,847.1,857,845,855
2026-03-31 13:00,17,48732,855,865,853,854
2026-03-31 14:00,37,97001,854,864,848.2,854
2026-04-01 11:00,29,40189,837,853,837,842
2026-04-01 12:00,34,63729,842,845,830,837
2026-04-01 13:00,37,49285,837,839.9,821.7,824
2026-04-01 14:00,57,105452,824,834,810,823
2026-04-02 11:00,47,43836,820,833.7,811,831
2026-04-02 12:00,25,38185,831,843,820,840
2026-04-02 13:00,31,31020,840,840,826.1,828
2026-04-02 14:00,34,55940,828,830,816,821
2026-04-05 11:00,44,118921,805,805,784,795
2026-04-05 12:00,40,33892,795,795,780,782
2026-04-05 13:00,42,55081,782,789,771,788
2026-04-05 14:00,45,88144,788,788,772.1,776
2026-04-06 11:00,50,51476,787,797.9,779,794
2026-04-06 12:00,31,29844,794,800,786.3,798
2026-04-06 13:00,33,45512,798,819,791.1,819
2026-04-06 14:00,42,34812,819,819,803,809.5
2026-04-07 11:00,40,43210,815,824.9,806,818
2026-04-07 12:00,31,22724,818,818,807.5,807.5
2026-04-07 13:00,18,5707,807.5,814,806,810
2026-04-07 14:00,33,36464,810,813.5,800.5,809
2026-04-08 11:00,22,27723,815,819.8,808,814.9
2026-04-08 12:00,19,18021,814.9,821,810,817
2026-04-08 13:00,34,43910,817,823,812.5,812.5
2026-04-08 14:00,32,51740,812.5,825,812.5,825
2026-04-09 11:00,24,31531,825,839,817.1,831.2
2026-04-09 12:00,21,17209,831.2,840,827.2,838
2026-04-09 13:00,33,39127,838,840.8,833.2,835
2026-04-09 14:00,31,44232,835,842,830,840
2026-04-10 11:00,31,34526,845,845,825.4,832
2026-04-10 12:00,26,40930,832,832,820.1,827
2026-04-10 13:00,29,32581,827,839,824,825
2026-04-10 14:00,38,54516,825,836,820,825.1
2026-04-13 11:00,15,5536,825.2,833,825,827
2026-04-13 12:00,21,22542,827,829,823,823
2026-04-13 13:00,20,14549,823,831,823,830
2026-04-13 14:00,30,61840,830,830,812,812
2026-04-15 11:00,22,20866,820,828.2,816.3,825
2026-04-15 12:00,27,24749,825,832.6,823,827
2026-04-15 13:00,25,29789,827,828,819.2,821
2026-04-15 14:00,34,51957,821,825,819,825
2026-04-16 11:00,18,7776,825,827.2,818,821
2026-04-16 12:00,18,19205,821,825,818,820
2026-04-16 13:00,27,33994,820,820,810,813.2
2026-04-16 14:00,33,55154,813.2,817,808.1,814.5
2026-04-17 11:00,21,20596,815,819,800,809
2026-04-17 12:00,29,21784,809,812,799,811
2026-04-17 13:00,15,14499,811,818.9,798.1,812
2026-04-17 14:00,26,44677,812,812,800,806
2026-04-20 11:00,31,18205,765.7,811,765.7,801
2026-04-20 12:00,10,5725,801,803,798,798
2026-04-20 13:00,14,17034,798,804,795.2,804
2026-04-20 14:00,27,16812,804,804,795.2,799.8
2026-04-21 11:00,13,3113,759.9,810,759.9,805
2026-04-21 12:00,13,21450,805,805,789.8,799.1
2026-04-21 13:00,10,16545,799.1,802,790.1,801.9
2026-04-21 14:00,16,11973,801.9,801.9,787.2,794
2026-04-22 11:00,20,40492,790,805,781,783
2026-04-22 12:00,34,17958,783,785,776.2,782
2026-04-22 13:00,18,16032,782,784.9,775,782
2026-04-22 14:00,22,30595,782,805.3,781,803
2026-04-23 11:00,11,3794,762.9,824,762.9,786.3
2026-04-23 12:00,15,6401,786.3,794.7,784.1,793
2026-04-23 13:00,8,16373,793,805,788.5,788.5
2026-04-23 14:00,22,20357,788.5,795.9,779.1,789
2026-04-24 11:00,23,3725,795,795,775,781
2026-04-24 12:00,16,9475,781,790,780,784.2
2026-04-24 13:00,4,6400,784.2,792,781.5,781.6
2026-04-24 14:00,22,16799,781.6,790,778.4,790
